transaction_id,user_id,date,amount,merchant_name,payment_mode,category,user_category_new,clean_brand,is_refund
TXN0001,U038,2024-03-11,6614.32,Starbucks,UPI,other,Low,Starbucks,0
TXN0002,U033,2024-01-31,14567.58,Amazon,Cash,refund,Medium-Low,Amazon,1
TXN0003,U013,2024-01-13,12937.22,Local Shop,UPI,shopping,Medium-Low,Local Shop,0
TXN0004,U026,2024-02-13,5755.79,Starbucks,Card,shopping,Low,Starbucks,0
TXN0005,U036,2024-01-13,29978.48,Apple,UPI,refund,High,Apple,1
TXN0006,U026,2024-01-08,74.64,Big Bazaar,Card,refund,,Big Bazaar,1
TXN0007,U013,2024-02-07,17379.62,Flipkart,UPI,grocery,Medium-Low,Flipkart,0
TXN0008,U033,2024-01-11,17855.1,Starbucks,Cash,food,Medium-Low,Starbucks,0
TXN0009,U006,2024-02-23,6135.73,Local Shop,UPI,electronics,Low,Unknown Store,0
TXN0010,U021,2024-01-10,18638.57,Apple,UPI,grocery,Medium-High,Apple,0
TXN0011,U005,2024-02-01,4740.83,DMart,Cash,electronics,Low,DMart,0
TXN0012,U009,2024-02-03,22275.08,Amazon,Cash,electronics,Medium-High,Amazon,0
TXN0013,U032,2024-02-02,19032.19,Swiggy,UPI,electronics,Medium-High,Swiggy,0
TXN0014,U048,2024-02-26,299.99,Flipkart,Cash,,,Flipkart,0
TXN0015,U038,2024-03-11,3832.09,DMart,Card,transport,Low,DMart,0
TXN0016,U023,2024-03-12,22486.83,Amazon,UPI,food,Medium-High,Amazon,0
TXN0017,U048,2024-02-12,20100.51,Flipkart,Cash,food,Medium-High,Flipkart,0
TXN0018,U015,2024-01-26,9162.67,Apple,Cash,other,Medium-Low,Apple,0
TXN0019,U005,2024-02-05,15287.08,OLA,UPI,electronics,Medium-Low,OLA,0
TXN0020,U038,2024-02-03,17901.17,Flipkart,Cash,shopping,Medium-Low,Flipkart,0
TXN0021,U037,2024-01-25,21266.47,Local Shop,Cash,transport,Medium-High,Local Shop,0
TXN0022,U028,2024-01-09,9424.33,DMart,Cash,Food & Beverage,Medium-Low,DMart,0
TXN0023,U026,2024-03-30,3827.36,DMart,Cash,electronics,Low,DMart,0
TXN0024,U036,2024-01-01,6313.38,Local Shop,Card,transport,Low,Local Shop,0
TXN0025,U031,2024-01-22,15468.41,Swiggy,Cash,transport,Medium-Low,Swiggy,0
TXN0026,U002,2024-01-06,18342.11,Flipkart,Cash,Food & Beverage,Medium-High,Flipkart,0
TXN0027,U026,2024-02-01,20631.8,Apple,Card,refund,Medium-High,Apple,1
TXN0028,U036,2024-02-01,4008.84,Starbucks,Cash,refund,Low,Starbucks,1
TXN0029,U047,2024-03-05,27206.57,Local Shop,Card,transport,High,Unknown Store,0
TXN0030,U050,2024-03-07,7184.98,OLA,Card,shopping,Low,OLA,0
TXN0031,U010,2024-01-30,4592.63,Flipkart,Cash,food,Low,Flipkart,0
TXN0032,U027,2024-02-19,26420.89,Big Bazaar,Card,Food & Beverage,High,Big Bazaar,0
TXN0033,U048,2024-03-10,6590.45,Swiggy,Cash,Food & Beverage,Low,Swiggy,0
TXN0034,U030,2024-01-17,17760.86,Flipkart,UPI,grocery,Medium-Low,Flipkart,0
TXN0035,U017,2024-02-18,13646.43,Starbucks,Card,shopping,Medium-Low,Starbucks,0
TXN0036,U002,2024-03-10,6734.42,Apple,UPI,transport,Low,Apple,0
TXN0037,U040,2024-01-20,14212.1,Starbucks,Cash,other,Medium-Low,Starbucks,0
TXN0038,U039,2024-03-18,24580.84,Flipkart,Card,Food & Beverage,High,Flipkart,0
TXN0039,U046,2024-01-26,20721.53,Local Shop,Cash,shopping,Medium-High,Local Shop,0
TXN0040,U003,2024-02-14,11123.42,Local Shop,Card,other,Medium-Low,Unknown Store,0
TXN0041,U046,2024-01-20,22016.52,Apple,Card,electronics,Medium-High,Apple,0
TXN0042,U016,2024-01-12,7323.46,DMart,Card,,Low,DMart,0
TXN0043,U012,2024-03-03,23936.99,DMart,Card,transport,High,DMart,0
TXN0044,U016,2024-02-22,22747.36,Amazon,Card,shopping,Medium-High,Amazon,0
TXN0045,U015,2024-02-21,19922.16,OLA,Card,other,Medium-High,OLA,0
TXN0046,U045,2024-02-28,7549.6,DMart,Cash,grocery,Low,DMart,0
TXN0047,U014,2024-03-02,17691.71,Big Bazaar,UPI,other,Medium-Low,Big Bazaar,0
TXN0048,U020,2024-01-02,1375.02,Flipkart,Cash,refund,Low,Flipkart,1
TXN0049,U001,2024-03-14,14366.64,Amazon,Card,shopping,Medium-Low,Amazon,0
TXN0050,U032,2024-01-10,4484.44,Local Shop,UPI,Food & Beverage,Low,Local Shop,0
TXN0051,U039,2024-03-20,15681.95,Local Shop,Card,food,Medium-Low,Unknown Store,0
TXN0052,U048,2024-01-13,6338.65,Local Shop,Cash,food,Low,Unknown Store,0
TXN0053,U029,2024-03-29,988.87,Local Shop,UPI,electronics,Low,Local Shop,0
TXN0054,U043,2024-01-26,16341.43,Local Shop,UPI,electronics,Medium-Low,Unknown Store,0
TXN0055,U048,2024-03-13,3739.37,Local Shop,Cash,refund,Low,Unknown Store,1
TXN0056,U039,2024-01-06,9676.42,Amazon,Cash,food,Medium-Low,Amazon,0
TXN0057,U037,2024-01-06,15573.73,OLA,Card,refund,Medium-Low,OLA,1
TXN0058,U031,2024-02-14,9638.54,Amazon,Cash,Food & Beverage,Medium-Low,Amazon,0
TXN0059,U003,2024-02-28,7579.44,Swiggy,UPI,refund,Low,Swiggy,1
TXN0060,U004,2024-01-25,22695.73,Local Shop,Card,electronics,Medium-High,Local Shop,0
TXN0061,U045,2024-03-03,29194.67,Apple,Card,Food & Beverage,High,Apple,0
TXN0062,U015,2024-01-15,19434.81,Amazon,Cash,Food & Beverage,Medium-High,Amazon,0
TXN0063,U031,2024-02-01,4347.81,Apple,UPI,electronics,Low,Apple,0
TXN0064,U022,2024-03-05,86.93,Local Shop,Cash,grocery,,Local Shop,0
TXN0065,U035,2024-03-02,16562.0,Apple,UPI,transport,Medium-Low,Apple,0
TXN0066,U025,2024-01-30,9552.11,Local Shop,Card,grocery,Medium-Low,Unknown Store,0
TXN0067,U003,2024-01-17,3019.93,Apple,UPI,Food & Beverage,Low,Apple,0
TXN0068,U005,2024-03-01,18701.55,Flipkart,Cash,Food & Beverage,Medium-High,Flipkart,0
TXN0069,U041,2024-03-03,2061.94,DMart,Cash,shopping,Low,DMart,0
TXN0070,U029,2024-01-22,1389.27,Amazon,Card,Food & Beverage,Low,Amazon,0
TXN0071,U044,2024-01-24,2378.26,Local Shop,Card,grocery,Low,Unknown Store,0
TXN0072,U030,2024-03-22,7667.25,Big Bazaar,Cash,shopping,Low,Big Bazaar,0
TXN0073,U023,2024-03-16,28861.25,Apple,UPI,refund,High,Apple,1
TXN0074,U016,2024-02-18,8883.21,Amazon,Card,food,Medium-Low,Amazon,0
TXN0075,U048,2024-03-04,23967.81,Local Shop,UPI,grocery,High,Unknown Store,0
TXN0076,U041,2024-03-23,23660.43,Amazon,UPI,other,High,Amazon,0
TXN0077,U012,2024-01-26,16186.84,Local Shop,UPI,refund,Medium-Low,Local Shop,1
TXN0078,U048,2024-02-13,28887.17,OLA,Cash,Food & Beverage,High,OLA,0
TXN0079,U024,2024-01-12,7941.11,Swiggy,Cash,Food & Beverage,Low,Swiggy,0
TXN0080,U007,2024-03-27,760.49,DMart,UPI,refund,Low,DMart,1
TXN0081,U042,2024-02-22,1369.95,OLA,UPI,grocery,Low,OLA,0
TXN0082,U030,2024-02-17,22270.65,Local Shop,Card,electronics,Medium-High,Local Shop,0
TXN0083,U045,2024-02-17,13346.43,Starbucks,Card,other,Medium-Low,Starbucks,0
TXN0084,U026,2024-02-05,28470.83,Starbucks,Cash,food,High,Starbucks,0
TXN0085,U022,2024-02-01,16941.69,Starbucks,Cash,transport,Medium-Low,Starbucks,0
TXN0086,U050,2024-01-19,25753.6,DMart,UPI,food,High,DMart,0
TXN0087,U001,2024-02-15,9719.91,Flipkart,Card,shopping,Medium-Low,Flipkart,0
TXN0088,U029,2024-02-16,15120.12,Apple,Cash,food,Medium-Low,Apple,0
TXN0089,U031,2024-02-21,3247.78,Starbucks,Card,shopping,Low,Starbucks,0
TXN0090,U018,2024-03-20,29838.89,Flipkart,Card,shopping,High,Flipkart,0
TXN0091,U047,2024-01-28,26643.85,Swiggy,Card,other,High,Swiggy,0
TXN0092,U021,2024-03-26,28608.24,Local Shop,UPI,shopping,High,Local Shop,0
TXN0093,U009,2024-03-12,28699.17,DMart,Card,Food & Beverage,High,DMart,0
TXN0094,U019,2024-03-17,3116.98,Starbucks,UPI,other,Low,Starbucks,0
TXN0095,U024,2024-01-15,6792.51,Swiggy,Cash,food,Low,Swiggy,0
TXN0096,U043,2024-03-29,5420.68,Local Shop,Card,,Low,Unknown Store,0
TXN0097,U037,2024-03-25,4264.82,Flipkart,Cash,Food & Beverage,Low,Flipkart,0
TXN0098,U022,2024-01-21,21650.66,Apple,UPI,food,Medium-High,Apple,0
TXN0099,U018,2024-02-26,18216.21,Amazon,UPI,shopping,Medium-High,Amazon,0
TXN0100,U044,2024-03-27,20017.31,OLA,UPI,,Medium-High,OLA,0
TXN0101,U014,2024-01-18,9850.39,OLA,UPI,transport,Medium-Low,OLA,0
TXN0102,U036,2024-03-26,11918.16,Swiggy,UPI,Food & Beverage,Medium-Low,Swiggy,0
TXN0103,U026,2024-03-31,3464.05,Local Shop,Card,other,Low,Unknown Store,0
TXN0104,U028,2024-01-14,17670.25,Amazon,Cash,other,Medium-Low,Amazon,0
TXN0105,U005,2024-03-06,15303.46,Flipkart,Cash,transport,Medium-Low,Flipkart,0
TXN0106,U010,2024-02-02,18075.95,Amazon,Cash,refund,Medium-High,Amazon,1
TXN0107,U042,2024-03-22,29129.48,Local Shop,Card,electronics,High,Unknown Store,0
TXN0108,U004,2024-02-15,13857.66,Local Shop,UPI,shopping,Medium-Low,Unknown Store,0
TXN0109,U039,2024-03-05,17414.08,Local Shop,Card,transport,Medium-Low,Unknown Store,0
TXN0110,U039,2024-03-01,13521.19,DMart,UPI,grocery,Medium-Low,DMart,0
TXN0111,U016,2024-03-31,15726.82,Starbucks,Card,other,Medium-Low,Starbucks,0
TXN0112,U004,2024-03-21,9897.43,Local Shop,Cash,grocery,Medium-Low,Unknown Store,0
TXN0113,U006,2024-03-15,9313.85,DMart,Cash,shopping,Medium-Low,DMart,0
TXN0114,U036,2024-02-18,3842.53,OLA,Cash,Food & Beverage,Low,OLA,0
TXN0115,U024,2024-01-03,5416.09,Swiggy,UPI,grocery,Low,Swiggy,0
TXN0116,U005,2024-02-07,23128.53,Flipkart,Cash,grocery,High,Flipkart,0
TXN0117,U025,2024-01-20,24942.04,Local Shop,Cash,Food & Beverage,High,Unknown Store,0
TXN0118,U044,2024-01-31,8554.99,DMart,UPI,refund,Medium-Low,DMart,1
TXN0119,U024,2024-03-27,23085.46,Big Bazaar,UPI,grocery,High,Big Bazaar,0
TXN0120,U004,2024-03-23,11142.65,OLA,UPI,grocery,Medium-Low,OLA,0
TXN0121,U029,2024-03-06,13129.8,OLA,Card,Food & Beverage,Medium-Low,OLA,0
TXN0122,U026,2024-03-05,11591.12,Starbucks,UPI,other,Medium-Low,Starbucks,0
TXN0123,U009,2024-01-05,14178.92,Flipkart,Card,shopping,Medium-Low,Flipkart,0
TXN0124,U017,2024-01-28,28207.38,Starbucks,UPI,food,High,Starbucks,0
TXN0125,U027,2024-03-22,3334.63,Big Bazaar,Cash,transport,Low,Big Bazaar,0
TXN0126,U019,2024-02-24,10590.95,Flipkart,UPI,other,Medium-Low,Flipkart,0
TXN0127,U034,2024-03-10,26201.21,Amazon,Card,other,High,Amazon,0
TXN0128,U023,2024-01-31,17461.28,Amazon,Cash,grocery,Medium-Low,Amazon,0
TXN0129,U045,2024-03-02,4054.23,Apple,Card,transport,Low,Apple,0
TXN0130,U021,2024-02-09,16295.49,Starbucks,Card,food,Medium-Low,Starbucks,0
TXN0131,U018,2024-01-16,26685.7,DMart,Card,refund,High,DMart,1
TXN0132,U024,2024-03-07,2487.52,Apple,Cash,shopping,Low,Apple,0
TXN0133,U021,2024-03-25,13383.01,Amazon,Card,other,Medium-Low,Amazon,0
TXN0134,U028,2024-02-05,20138.8,Local Shop,Cash,food,Medium-High,Unknown Store,0
TXN0135,U039,2024-03-27,3795.64,Flipkart,Card,food,Low,Flipkart,0
TXN0136,U010,2024-03-27,11166.68,Local Shop,Card,electronics,Medium-Low,Unknown Store,0
TXN0137,U008,2024-01-04,15537.18,Big Bazaar,Cash,electronics,Medium-Low,Big Bazaar,0
TXN0138,U013,2024-01-16,2230.82,Apple,Cash,other,Low,Apple,0
TXN0139,U046,2024-01-09,25542.35,DMart,UPI,transport,High,DMart,0
TXN0140,U013,2024-01-18,14825.72,Amazon,Cash,shopping,Medium-Low,Amazon,0
TXN0141,U020,2024-02-20,12329.75,Amazon,Card,refund,Medium-Low,Amazon,1
TXN0142,U044,2024-03-07,26340.02,Apple,UPI,food,High,Apple,0
TXN0143,U034,2024-01-20,4867.39,Amazon,Card,electronics,Low,Amazon,0
TXN0144,U041,2024-03-11,18754.42,Big Bazaar,UPI,grocery,Medium-High,Big Bazaar,0
TXN0145,U043,2024-03-20,27718.65,Flipkart,UPI,electronics,High,Flipkart,0
TXN0146,U050,2024-03-14,19173.35,Big Bazaar,Cash,refund,Medium-High,Big Bazaar,1
TXN0147,U044,2024-02-21,2198.46,Big Bazaar,Card,grocery,Low,Big Bazaar,0
TXN0148,U046,2024-02-10,3931.68,DMart,UPI,electronics,Low,DMart,0
TXN0149,U016,2024-01-19,8713.46,Apple,UPI,other,Medium-Low,Apple,0
TXN0150,U049,2024-01-21,14009.79,Big Bazaar,Card,transport,Medium-Low,Big Bazaar,0
TXN0151,U038,2024-02-15,8447.88,Big Bazaar,Card,food,Low,Big Bazaar,0
TXN0152,U028,2024-01-18,10979.67,Amazon,Cash,other,Medium-Low,Amazon,0
TXN0153,U019,2024-01-10,13516.13,Swiggy,Cash,grocery,Medium-Low,Swiggy,0
TXN0154,U026,2024-02-17,28169.07,Amazon,Card,food,High,Amazon,0
TXN0155,U009,2024-02-12,13715.09,Starbucks,Cash,Food & Beverage,Medium-Low,Starbucks,0
TXN0156,U048,2024-02-08,24850.4,Local Shop,Card,other,High,Unknown Store,0
TXN0157,U044,2024-01-15,9237.26,DMart,UPI,electronics,Medium-Low,DMart,0
TXN0158,U037,2024-01-30,14418.66,Local Shop,UPI,transport,Medium-Low,Unknown Store,0
TXN0159,U037,2024-03-30,577.93,Starbucks,UPI,refund,Low,Starbucks,1
TXN0160,U046,2024-01-18,9758.24,Starbucks,UPI,other,Medium-Low,Starbucks,0
TXN0161,U023,2024-03-27,14530.56,Swiggy,UPI,electronics,Medium-Low,Swiggy,0
TXN0162,U046,2024-01-27,14399.3,OLA,Card,Food & Beverage,Medium-Low,OLA,0
TXN0163,U023,2024-01-19,8636.03,Local Shop,Cash,refund,Medium-Low,Local Shop,1
TXN0164,U013,2024-03-09,20888.18,Big Bazaar,UPI,transport,Medium-High,Big Bazaar,0
TXN0165,U004,2024-01-13,21523.57,Big Bazaar,Cash,grocery,Medium-High,Big Bazaar,0
TXN0166,U042,2024-03-01,5991.68,Local Shop,UPI,shopping,Low,Local Shop,0
TXN0167,U015,2024-03-09,12542.37,Local Shop,Card,grocery,Medium-Low,Unknown Store,0
TXN0168,U003,2024-01-02,18087.46,OLA,Cash,refund,Medium-High,OLA,1
TXN0169,U033,2024-02-29,24266.33,Flipkart,Card,food,High,Flipkart,0
TXN0170,U019,2024-03-13,18332.53,DMart,Cash,Food & Beverage,Medium-High,DMart,0
TXN0171,U012,2024-01-18,28075.4,Amazon,Card,electronics,High,Amazon,0
TXN0172,U047,2024-03-14,19613.96,Local Shop,Card,Food & Beverage,Medium-High,Unknown Store,0
TXN0173,U046,2024-02-09,27484.75,Swiggy,UPI,refund,High,Swiggy,1
TXN0174,U024,2024-02-23,16130.16,Local Shop,Cash,shopping,Medium-Low,Unknown Store,0
TXN0175,U029,2024-03-08,27518.17,Swiggy,UPI,grocery,High,Swiggy,0
TXN0176,U021,2024-03-07,20412.05,Flipkart,Card,refund,Medium-High,Flipkart,1
TXN0177,U033,2024-02-23,1741.53,Flipkart,UPI,food,Low,Flipkart,0
TXN0178,U038,2024-01-10,10342.42,Big Bazaar,Card,,Medium-Low,Big Bazaar,0
TXN0179,U012,2024-01-18,29785.77,Local Shop,Card,grocery,High,Local Shop,0
TXN0180,U008,2024-01-23,3829.14,DMart,Card,Food & Beverage,Low,DMart,0
TXN0181,U025,2024-01-30,10391.33,Swiggy,UPI,,Medium-Low,Swiggy,0
TXN0182,U040,2024-01-03,2028.05,Local Shop,Cash,transport,Low,Local Shop,0
TXN0183,U026,2024-02-26,6525.9,Starbucks,Card,other,Low,Starbucks,0
TXN0184,U039,2024-03-27,9059.92,Local Shop,Card,food,Medium-Low,Unknown Store,0
TXN0185,U038,2024-01-23,14873.67,Swiggy,Card,other,Medium-Low,Swiggy,0
TXN0186,U027,2024-01-20,5524.53,Local Shop,Card,grocery,Low,Local Shop,0
TXN0187,U004,2024-03-12,16723.03,Apple,Card,refund,Medium-Low,Apple,1
TXN0188,U006,2024-03-09,8061.16,DMart,UPI,transport,Low,DMart,0
TXN0189,U014,2024-02-12,6362.12,Apple,Card,transport,Low,Apple,0
TXN0190,U016,2024-03-11,8498.95,Local Shop,Card,refund,Low,Local Shop,1
TXN0191,U007,2024-03-01,11127.44,Apple,Cash,electronics,Medium-Low,Apple,0
TXN0192,U038,2024-03-15,4580.82,Swiggy,Card,other,Low,Swiggy,0
TXN0193,U049,2024-03-03,5055.33,OLA,Cash,food,Low,OLA,0
TXN0194,U003,2024-01-10,201.45,Swiggy,Cash,transport,,Swiggy,0
TXN0195,U030,2024-02-17,19135.48,Swiggy,Card,,Medium-High,Swiggy,0
TXN0196,U036,2024-02-22,15887.24,Swiggy,Cash,Food & Beverage,Medium-Low,Swiggy,0
TXN0197,U007,2024-01-13,5766.04,Flipkart,Card,Food & Beverage,Low,Flipkart,0
TXN0198,U037,2024-02-01,20524.41,Apple,UPI,Food & Beverage,Medium-High,Apple,0
TXN0199,U036,2024-03-01,293.41,Local Shop,Cash,shopping,,Local Shop,0
TXN0200,U003,2024-01-30,20771.71,Swiggy,Cash,food,Medium-High,Swiggy,0
TXN0201,U021,2024-01-03,4334.3,Flipkart,Card,transport,Low,Flipkart,0
TXN0202,U025,2024-03-27,22670.72,Local Shop,UPI,other,Medium-High,Unknown Store,0
TXN0203,U007,2024-02-25,2289.79,Starbucks,Card,other,Low,Starbucks,0
TXN0204,U041,2024-02-04,6851.87,Starbucks,Cash,Food & Beverage,Low,Starbucks,0
TXN0205,U050,2024-03-20,7401.03,Amazon,Cash,grocery,Low,Amazon,0
TXN0206,U021,2024-02-16,165.8,Local Shop,UPI,grocery,,Local Shop,0
TXN0207,U029,2024-03-12,797.59,Local Shop,Card,food,Low,Local Shop,0
TXN0208,U027,2024-02-19,27035.07,OLA,Cash,Food & Beverage,High,OLA,0
TXN0209,U009,2024-02-04,14798.79,Flipkart,Card,shopping,Medium-Low,Flipkart,0
TXN0210,U017,2024-02-01,18503.9,DMart,Card,Food & Beverage,Medium-High,DMart,0
TXN0211,U029,2024-02-12,24707.82,DMart,Card,transport,High,DMart,0
TXN0212,U021,2024-01-23,8750.53,Apple,UPI,electronics,Medium-Low,Apple,0
TXN0213,U024,2024-01-15,29917.98,Local Shop,Cash,transport,High,Local Shop,0
TXN0214,U019,2024-03-29,25435.16,Apple,Cash,electronics,High,Apple,0
TXN0215,U046,2024-02-24,13477.51,Flipkart,Cash,Food & Beverage,Medium-Low,Flipkart,0
TXN0216,U003,2024-02-16,23070.93,Swiggy,Cash,,High,Swiggy,0
TXN0217,U049,2024-02-12,326.33,Local Shop,Cash,transport,,Local Shop,0
TXN0218,U024,2024-02-20,20389.87,Apple,Card,Food & Beverage,Medium-High,Apple,0
TXN0219,U008,2024-01-19,10298.57,Amazon,Card,refund,Medium-Low,Amazon,1
TXN0220,U005,2024-02-08,21326.26,DMart,Cash,transport,Medium-High,DMart,0
TXN0221,U012,2024-03-11,16799.87,Swiggy,Cash,Food & Beverage,Medium-Low,Swiggy,0
TXN0222,U002,2024-03-19,17770.17,Local Shop,Card,shopping,Medium-Low,Local Shop,0
TXN0223,U007,2024-03-09,9786.29,Local Shop,Cash,other,Medium-Low,Unknown Store,0
TXN0224,U025,2024-03-19,3435.82,Local Shop,Cash,electronics,Low,Unknown Store,0
TXN0225,U038,2024-01-11,3544.67,Local Shop,UPI,Food & Beverage,Low,Unknown Store,0
TXN0226,U009,2024-03-14,5580.75,Local Shop,UPI,refund,Low,Unknown Store,1
TXN0227,U009,2024-01-24,13535.52,OLA,Card,Food & Beverage,Medium-Low,OLA,0
TXN0228,U033,2024-03-24,20544.05,Swiggy,UPI,food,Medium-High,Swiggy,0
TXN0229,U019,2024-01-05,16132.88,Big Bazaar,Card,shopping,Medium-Low,Big Bazaar,0
TXN0230,U008,2024-02-04,24680.1,Local Shop,UPI,shopping,High,Unknown Store,0
TXN0231,U020,2024-01-05,10463.82,Big Bazaar,UPI,other,Medium-Low,Big Bazaar,0
TXN0232,U041,2024-02-24,4185.66,Local Shop,Cash,electronics,Low,Unknown Store,0
TXN0233,U035,2024-01-22,8786.11,Local Shop,Cash,grocery,Medium-Low,Unknown Store,0
TXN0234,U004,2024-02-05,25983.7,Local Shop,Cash,grocery,High,Local Shop,0
TXN0235,U041,2024-02-04,13565.23,Local Shop,Card,electronics,Medium-Low,Unknown Store,0
TXN0236,U030,2024-03-03,84.17,DMart,Card,other,,DMart,0
TXN0237,U035,2024-02-20,24747.18,Amazon,Card,grocery,High,Amazon,0
TXN0238,U032,2024-02-13,2996.25,Local Shop,UPI,food,Low,Unknown Store,0
TXN0239,U013,2024-03-29,9062.95,Local Shop,Cash,shopping,Medium-Low,Local Shop,0
TXN0240,U043,2024-03-24,11896.28,DMart,Card,shopping,Medium-Low,DMart,0
TXN0241,U014,2024-03-02,17814.45,Starbucks,Cash,shopping,Medium-Low,Starbucks,0
TXN0242,U045,2024-01-17,6876.12,Local Shop,Card,electronics,Low,Local Shop,0
TXN0243,U025,2024-01-18,15919.94,Flipkart,Card,grocery,Medium-Low,Flipkart,0
TXN0244,U040,2024-03-28,6525.17,Local Shop,Cash,other,Low,Local Shop,0
TXN0245,U021,2024-01-18,19342.17,Local Shop,Cash,food,Medium-High,Local Shop,0
TXN0246,U014,2024-03-07,11758.61,OLA,Card,transport,Medium-Low,OLA,0
TXN0247,U041,2024-03-17,26662.85,Apple,UPI,Food & Beverage,High,Apple,0
TXN0248,U035,2024-03-28,14135.73,DMart,UPI,,Medium-Low,DMart,0
TXN0249,U003,2024-01-08,8601.77,Big Bazaar,Cash,grocery,Medium-Low,Big Bazaar,0
TXN0250,U006,2024-02-09,27628.54,OLA,Card,shopping,High,OLA,0
TXN0251,U045,2024-02-25,7341.95,OLA,Cash,grocery,Low,OLA,0
TXN0252,U001,2024-03-31,350.4,Amazon,Cash,other,,Amazon,0
TXN0253,U048,2024-02-04,26997.92,Flipkart,UPI,shopping,High,Flipkart,0
TXN0254,U030,2024-03-06,14993.3,Apple,UPI,shopping,Medium-Low,Apple,0
TXN0255,U048,2024-03-06,25762.08,Big Bazaar,Card,grocery,High,Big Bazaar,0
TXN0256,U036,2024-03-24,9660.84,Starbucks,UPI,shopping,Medium-Low,Starbucks,0
TXN0257,U044,2024-01-07,24132.1,Swiggy,Card,electronics,High,Swiggy,0
TXN0258,U006,2024-03-11,11073.89,DMart,Cash,other,Medium-Low,DMart,0
TXN0259,U032,2024-01-26,201.27,Local Shop,Cash,food,,Unknown Store,0
TXN0260,U001,2024-03-25,22145.1,DMart,Card,food,Medium-High,DMart,0
TXN0261,U046,2024-02-05,27639.02,Flipkart,Card,shopping,High,Flipkart,0
TXN0262,U007,2024-03-05,24600.69,Local Shop,Cash,transport,High,Unknown Store,0
TXN0263,U017,2024-02-10,24958.68,OLA,UPI,grocery,High,OLA,0
TXN0264,U007,2024-01-20,13492.51,Local Shop,UPI,refund,Medium-Low,Unknown Store,1
TXN0265,U008,2024-01-12,20584.78,OLA,UPI,other,Medium-High,OLA,0
TXN0266,U006,2024-02-01,15408.66,Flipkart,UPI,refund,Medium-Low,Flipkart,1
TXN0267,U048,2024-03-11,13866.68,Swiggy,UPI,transport,Medium-Low,Swiggy,0
TXN0268,U013,2024-02-21,18912.62,Flipkart,UPI,,Medium-High,Flipkart,0
TXN0269,U013,2024-03-23,3872.46,Amazon,UPI,,Low,Amazon,0
TXN0270,U004,2024-01-22,21735.68,Apple,UPI,grocery,Medium-High,Apple,0
TXN0271,U018,2024-02-27,18427.06,OLA,Card,refund,Medium-High,OLA,1
TXN0272,U006,2024-02-05,12582.85,Starbucks,Cash,food,Medium-Low,Starbucks,0
TXN0273,U046,2024-02-15,23445.24,Local Shop,Card,food,High,Local Shop,0
TXN0274,U039,2024-01-29,23358.36,DMart,Card,transport,High,DMart,0
TXN0275,U007,2024-02-01,16015.35,Flipkart,Cash,Food & Beverage,Medium-Low,Flipkart,0
TXN0276,U012,2024-01-23,9546.95,DMart,UPI,other,Medium-Low,DMart,0
TXN0277,U037,2024-01-19,29640.31,Local Shop,UPI,shopping,High,Unknown Store,0
TXN0278,U015,2024-03-18,15798.19,Starbucks,UPI,grocery,Medium-Low,Starbucks,0
TXN0279,U004,2024-01-03,21143.84,DMart,Card,other,Medium-High,DMart,0
TXN0280,U038,2024-01-13,9684.87,Local Shop,Cash,other,Medium-Low,Local Shop,0
TXN0281,U046,2024-03-12,19969.29,Flipkart,Cash,grocery,Medium-High,Flipkart,0
TXN0282,U045,2024-03-14,29828.55,Starbucks,Card,transport,High,Starbucks,0
TXN0283,U007,2024-03-04,22362.85,Local Shop,Cash,shopping,Medium-High,Unknown Store,0
TXN0284,U029,2024-01-02,7493.73,DMart,Cash,,Low,DMart,0
TXN0285,U029,2024-02-23,14797.53,Local Shop,Card,transport,Medium-Low,Local Shop,0
TXN0286,U029,2024-01-10,612.14,Flipkart,UPI,grocery,Low,Flipkart,0
TXN0287,U036,2024-01-12,29558.43,Amazon,Cash,Food & Beverage,High,Amazon,0
TXN0288,U004,2024-01-13,29232.21,Flipkart,Cash,electronics,High,Flipkart,0
TXN0289,U016,2024-01-13,17157.38,OLA,UPI,electronics,Medium-Low,OLA,0
TXN0290,U031,2024-01-26,6216.52,Local Shop,UPI,Food & Beverage,Low,Unknown Store,0
TXN0291,U032,2024-03-25,19259.57,Apple,Card,food,Medium-High,Apple,0
TXN0292,U029,2024-02-29,25113.99,OLA,Cash,other,High,OLA,0
TXN0293,U027,2024-03-16,1838.9,Swiggy,Cash,refund,Low,Swiggy,1
TXN0294,U016,2024-03-01,11850.18,Local Shop,Cash,grocery,Medium-Low,Unknown Store,0
TXN0295,U049,2024-02-27,29165.22,Amazon,UPI,Food & Beverage,High,Amazon,0
TXN0296,U041,2024-01-19,27325.03,Big Bazaar,Cash,other,High,Big Bazaar,0
TXN0297,U034,2024-02-28,21015.36,OLA,Card,shopping,Medium-High,OLA,0
TXN0298,U037,2024-01-13,16073.65,Amazon,Cash,refund,Medium-Low,Amazon,1
TXN0299,U012,2024-02-05,18551.15,Starbucks,Card,food,Medium-High,Starbucks,0
TXN0300,U018,2024-02-17,24523.4,Apple,Cash,transport,High,Apple,0
TXN0301,U020,2024-02-26,21866.69,Flipkart,UPI,Food & Beverage,Medium-High,Flipkart,0
TXN0302,U049,2024-03-07,1695.61,Apple,Cash,food,Low,Apple,0
TXN0303,U013,2024-01-26,1001.8,Flipkart,Card,refund,Low,Flipkart,1
TXN0304,U026,2024-03-22,926.59,Swiggy,Card,other,Low,Swiggy,0
TXN0305,U011,2024-02-03,833.24,DMart,UPI,transport,Low,DMart,0
TXN0306,U042,2024-02-22,23411.31,OLA,Cash,food,High,OLA,0
TXN0307,U017,2024-03-18,29011.06,Big Bazaar,Card,transport,High,Big Bazaar,0
TXN0308,U020,2024-03-27,3078.34,Apple,Cash,electronics,Low,Apple,0
TXN0309,U044,2024-01-14,10095.15,OLA,Card,electronics,Medium-Low,OLA,0
TXN0310,U010,2024-03-07,24164.84,Big Bazaar,Card,food,High,Big Bazaar,0
TXN0311,U019,2024-02-03,11654.36,Apple,UPI,transport,Medium-Low,Apple,0
TXN0312,U041,2024-03-01,9012.84,Swiggy,UPI,refund,Medium-Low,Swiggy,1
TXN0313,U048,2024-02-03,26988.74,Flipkart,Cash,Food & Beverage,High,Flipkart,0
TXN0314,U024,2024-02-03,25537.9,DMart,Cash,shopping,High,DMart,0
TXN0315,U013,2024-03-05,20424.13,Apple,UPI,other,Medium-High,Apple,0
TXN0316,U037,2024-02-28,25873.19,Local Shop,Cash,other,High,Local Shop,0
TXN0317,U001,2024-02-27,22838.19,Starbucks,UPI,Food & Beverage,Medium-High,Starbucks,0
TXN0318,U026,2024-02-24,150.03,Local Shop,Card,transport,,Local Shop,0
TXN0319,U044,2024-01-01,20808.81,Starbucks,Cash,grocery,Medium-High,Starbucks,0
TXN0320,U003,2024-02-08,21837.68,Amazon,UPI,refund,Medium-High,Amazon,1
TXN0321,U049,2024-01-25,12107.72,DMart,UPI,grocery,Medium-Low,DMart,0
TXN0322,U024,2024-03-24,26297.56,Amazon,Cash,shopping,High,Amazon,0
TXN0323,U004,2024-03-29,13334.99,Starbucks,UPI,food,Medium-Low,Starbucks,0
TXN0324,U027,2024-03-25,15614.07,OLA,UPI,shopping,Medium-Low,OLA,0
TXN0325,U008,2024-01-14,18273.96,OLA,Card,electronics,Medium-High,OLA,0
TXN0326,U003,2024-03-11,20649.24,Flipkart,Cash,shopping,Medium-High,Flipkart,0
TXN0327,U043,2024-03-04,23387.99,Local Shop,Cash,electronics,High,Unknown Store,0
TXN0328,U030,2024-01-07,5249.31,OLA,Card,shopping,Low,OLA,0
TXN0329,U049,2024-01-06,4160.45,Amazon,Cash,shopping,Low,Amazon,0
TXN0330,U022,2024-01-24,12013.5,DMart,Card,grocery,Medium-Low,DMart,0
TXN0331,U009,2024-03-30,4790.27,Amazon,Cash,Food & Beverage,Low,Amazon,0
TXN0332,U040,2024-01-04,27612.74,DMart,UPI,other,High,DMart,0
TXN0333,U046,2024-03-27,26195.58,Starbucks,UPI,transport,High,Starbucks,0
TXN0334,U023,2024-03-25,25172.6,Apple,UPI,grocery,High,Apple,0
TXN0335,U031,2024-03-04,22545.39,Swiggy,UPI,Food & Beverage,Medium-High,Swiggy,0
TXN0336,U016,2024-01-11,24039.83,Local Shop,Card,refund,High,Local Shop,1
TXN0337,U007,2024-02-21,16718.36,Starbucks,Cash,transport,Medium-Low,Starbucks,0
TXN0338,U022,2024-02-16,6695.31,Apple,Cash,other,Low,Apple,0
TXN0339,U008,2024-01-13,10247.3,Apple,Cash,shopping,Medium-Low,Apple,0
TXN0340,U011,2024-03-04,21508.51,Starbucks,UPI,Food & Beverage,Medium-High,Starbucks,0
TXN0341,U030,2024-01-25,22716.91,Big Bazaar,Cash,refund,Medium-High,Big Bazaar,1
TXN0342,U043,2024-03-16,140.09,Apple,Cash,grocery,,Apple,0
TXN0343,U012,2024-01-17,19729.08,Local Shop,Card,transport,Medium-High,Unknown Store,0
TXN0344,U026,2024-02-13,24145.86,OLA,Cash,other,High,OLA,0
TXN0345,U041,2024-01-28,18728.79,Swiggy,UPI,grocery,Medium-High,Swiggy,0
TXN0346,U035,2024-03-29,3471.0,Swiggy,Cash,electronics,Low,Swiggy,0
TXN0347,U001,2024-03-07,11432.3,Local Shop,UPI,electronics,Medium-Low,Local Shop,0
TXN0348,U004,2024-03-29,22610.28,Flipkart,Cash,transport,Medium-High,Flipkart,0
TXN0349,U025,2024-01-31,19938.16,Swiggy,Card,food,Medium-High,Swiggy,0
TXN0350,U048,2024-02-02,26066.81,Starbucks,Cash,other,High,Starbucks,0
TXN0351,U035,2024-03-18,21750.19,Local Shop,UPI,grocery,Medium-High,Unknown Store,0
TXN0352,U008,2024-02-18,8380.58,Swiggy,UPI,grocery,Low,Swiggy,0
TXN0353,U010,2024-02-11,27972.13,Starbucks,Cash,shopping,High,Starbucks,0
TXN0354,U034,2024-01-29,2054.61,DMart,Card,transport,Low,DMart,0
TXN0355,U043,2024-02-12,8814.29,Big Bazaar,Cash,food,Medium-Low,Big Bazaar,0
TXN0356,U043,2024-02-14,27135.85,Amazon,Cash,Food & Beverage,High,Amazon,0
TXN0357,U025,2024-02-02,27340.96,Amazon,Card,electronics,High,Amazon,0
TXN0358,U021,2024-03-06,5030.17,Big Bazaar,Cash,transport,Low,Big Bazaar,0
TXN0359,U007,2024-01-27,24504.46,Local Shop,Card,food,High,Local Shop,0
TXN0360,U005,2024-01-07,7564.72,Amazon,Card,Food & Beverage,Low,Amazon,0
TXN0361,U021,2024-01-03,3557.99,Local Shop,Cash,shopping,Low,Local Shop,0
TXN0362,U033,2024-01-14,20579.5,DMart,Card,food,Medium-High,DMart,0
TXN0363,U011,2024-03-09,22405.15,Apple,Cash,other,Medium-High,Apple,0
TXN0364,U036,2024-03-12,1262.78,Starbucks,UPI,other,Low,Starbucks,0
TXN0365,U027,2024-03-23,5527.94,Big Bazaar,UPI,food,Low,Big Bazaar,0
TXN0366,U030,2024-03-23,20153.84,Swiggy,Card,other,Medium-High,Swiggy,0
TXN0367,U043,2024-03-24,8561.26,Flipkart,Card,electronics,Medium-Low,Flipkart,0
TXN0368,U010,2024-03-13,9496.83,Local Shop,UPI,Food & Beverage,Medium-Low,Unknown Store,0
TXN0369,U024,2024-01-18,13890.82,OLA,UPI,shopping,Medium-Low,OLA,0
TXN0370,U009,2024-03-09,22009.0,OLA,Cash,Food & Beverage,Medium-High,OLA,0
TXN0371,U014,2024-01-05,26820.64,Local Shop,Card,electronics,High,Unknown Store,0
TXN0372,U030,2024-03-05,10922.33,Flipkart,Cash,grocery,Medium-Low,Flipkart,0
TXN0373,U011,2024-01-23,21962.81,Apple,UPI,other,Medium-High,Apple,0
TXN0374,U003,2024-03-26,27232.71,Big Bazaar,UPI,,High,Big Bazaar,0
TXN0375,U007,2024-03-31,22259.87,DMart,Cash,shopping,Medium-High,DMart,0
TXN0376,U017,2024-02-18,12181.21,Swiggy,Cash,,Medium-Low,Swiggy,0
TXN0377,U029,2024-01-22,15441.09,Flipkart,Card,shopping,Medium-Low,Flipkart,0
TXN0378,U027,2024-02-12,20260.13,Big Bazaar,Card,,Medium-High,Big Bazaar,0
TXN0379,U009,2024-03-14,18889.92,Starbucks,UPI,grocery,Medium-High,Starbucks,0
TXN0380,U026,2024-03-17,21841.95,Swiggy,Card,refund,Medium-High,Swiggy,1
TXN0381,U011,2024-01-29,4289.94,Apple,Cash,grocery,Low,Apple,0
TXN0382,U030,2024-03-17,11352.56,DMart,Cash,grocery,Medium-Low,DMart,0
TXN0383,U007,2024-01-23,17998.42,Local Shop,UPI,grocery,Medium-Low,Unknown Store,0
TXN0384,U035,2024-01-01,12626.31,Local Shop,UPI,refund,Medium-Low,Unknown Store,1
TXN0385,U023,2024-03-16,4025.15,Local Shop,Card,Food & Beverage,Low,Local Shop,0
TXN0386,U013,2024-01-01,15680.99,OLA,Cash,Food & Beverage,Medium-Low,OLA,0
TXN0387,U007,2024-01-20,17565.25,DMart,Card,Food & Beverage,Medium-Low,DMart,0
TXN0388,U027,2024-03-11,11112.69,Big Bazaar,Cash,Food & Beverage,Medium-Low,Big Bazaar,0
TXN0389,U043,2024-01-16,23495.45,Flipkart,Card,food,High,Flipkart,0
TXN0390,U025,2024-03-22,2741.75,Flipkart,UPI,transport,Low,Flipkart,0
TXN0391,U006,2024-03-18,11535.94,DMart,Card,food,Medium-Low,DMart,0
TXN0392,U041,2024-03-04,6059.2,Flipkart,UPI,,Low,Flipkart,0
TXN0393,U033,2024-03-07,5092.79,Local Shop,UPI,electronics,Low,Unknown Store,0
TXN0394,U023,2024-03-26,17586.54,Local Shop,UPI,other,Medium-Low,Local Shop,0
TXN0395,U018,2024-01-29,27892.12,DMart,Cash,shopping,High,DMart,0
TXN0396,U019,2024-02-13,15403.47,Swiggy,Card,Food & Beverage,Medium-Low,Swiggy,0
TXN0397,U031,2024-02-01,13770.86,Local Shop,Card,shopping,Medium-Low,Unknown Store,0
TXN0398,U041,2024-01-29,9478.76,Local Shop,Cash,transport,Medium-Low,Local Shop,0
TXN0399,U006,2024-02-21,16641.0,OLA,Cash,transport,Medium-Low,OLA,0
TXN0400,U048,2024-01-26,7269.27,Apple,Cash,shopping,Low,Apple,0
TXN0401,U006,2024-03-27,208.64,Amazon,Card,refund,,Amazon,1
TXN0402,U018,2024-03-03,27481.04,Local Shop,UPI,Food & Beverage,High,Unknown Store,0
TXN0403,U035,2024-01-05,25813.4,Apple,Cash,other,High,Apple,0
TXN0404,U001,2024-03-27,17434.44,Starbucks,UPI,transport,Medium-Low,Starbucks,0
TXN0405,U031,2024-03-19,5525.57,OLA,Card,electronics,Low,OLA,0
TXN0406,U012,2024-03-14,20583.5,Apple,Cash,Food & Beverage,Medium-High,Apple,0
TXN0407,U010,2024-01-20,302.17,Big Bazaar,Cash,other,,Big Bazaar,0
TXN0408,U020,2024-02-02,2978.25,Apple,Card,shopping,Low,Apple,0
TXN0409,U048,2024-02-12,10815.59,Apple,UPI,other,Medium-Low,Apple,0
TXN0410,U013,2024-03-14,8545.42,Local Shop,Card,Food & Beverage,Medium-Low,Unknown Store,0
TXN0411,U019,2024-02-29,5035.59,Local Shop,Cash,shopping,Low,Unknown Store,0
TXN0412,U011,2024-02-13,9513.18,Amazon,Card,refund,Medium-Low,Amazon,1
TXN0413,U048,2024-03-16,5027.87,DMart,Cash,shopping,Low,DMart,0
TXN0414,U011,2024-02-20,1923.13,Big Bazaar,Card,shopping,Low,Big Bazaar,0
TXN0415,U017,2024-03-20,19648.43,Amazon,Cash,grocery,Medium-High,Amazon,0
TXN0416,U034,2024-01-22,19909.84,Flipkart,Card,electronics,Medium-High,Flipkart,0
TXN0417,U029,2024-01-18,17931.55,Swiggy,Card,electronics,Medium-Low,Swiggy,0
TXN0418,U031,2024-03-10,2695.73,DMart,Card,,Low,DMart,0
TXN0419,U049,2024-01-18,14081.25,Swiggy,Card,,Medium-Low,Swiggy,0
TXN0420,U019,2024-03-17,226.47,Local Shop,Card,grocery,,Local Shop,0
TXN0421,U025,2024-01-29,12672.96,Local Shop,Cash,electronics,Medium-Low,Local Shop,0
TXN0422,U018,2024-02-22,2063.23,Swiggy,Cash,refund,Low,Swiggy,1
TXN0423,U021,2024-01-03,29091.79,Big Bazaar,Card,refund,High,Big Bazaar,1
TXN0424,U015,2024-01-12,14812.45,Starbucks,Card,food,Medium-Low,Starbucks,0
TXN0425,U006,2024-01-19,23271.83,DMart,Card,food,High,DMart,0
TXN0426,U050,2024-02-01,29249.42,Amazon,Card,shopping,High,Amazon,0
TXN0427,U043,2024-01-27,20446.46,Swiggy,Cash,,Medium-High,Swiggy,0
TXN0428,U034,2024-01-16,19159.22,Swiggy,UPI,transport,Medium-High,Swiggy,0
TXN0429,U021,2024-01-02,8290.24,Local Shop,UPI,refund,Low,Local Shop,1
TXN0430,U010,2024-02-17,4739.38,Local Shop,UPI,grocery,Low,Unknown Store,0
TXN0431,U007,2024-01-17,9509.02,Swiggy,Card,food,Medium-Low,Swiggy,0
TXN0432,U023,2024-01-18,14564.21,Local Shop,Card,grocery,Medium-Low,Local Shop,0
TXN0433,U023,2024-02-11,26031.18,Swiggy,UPI,refund,High,Swiggy,1
TXN0434,U017,2024-03-10,31.59,OLA,UPI,other,,OLA,0
TXN0435,U016,2024-02-11,29015.22,Local Shop,Card,grocery,High,Unknown Store,0
TXN0436,U019,2024-02-11,9667.5,Local Shop,UPI,food,Medium-Low,Unknown Store,0
TXN0437,U007,2024-03-03,964.2,Big Bazaar,Cash,electronics,Low,Big Bazaar,0
TXN0438,U024,2024-01-29,27907.03,Starbucks,Card,food,High,Starbucks,0
TXN0439,U036,2024-02-23,21255.93,DMart,Cash,electronics,Medium-High,DMart,0
TXN0440,U014,2024-03-07,21757.91,Amazon,Cash,grocery,Medium-High,Amazon,0
TXN0441,U048,2024-03-12,3174.37,Swiggy,Cash,shopping,Low,Swiggy,0
TXN0442,U012,2024-03-11,10132.01,Flipkart,Card,other,Medium-Low,Flipkart,0
TXN0443,U027,2024-03-22,21778.77,DMart,Card,electronics,Medium-High,DMart,0
TXN0444,U029,2024-02-27,21792.14,DMart,UPI,electronics,Medium-High,DMart,0
TXN0445,U020,2024-01-29,9453.99,Starbucks,Cash,grocery,Medium-Low,Starbucks,0
TXN0446,U003,2024-02-28,4160.86,Amazon,Card,shopping,Low,Amazon,0
TXN0447,U026,2024-03-13,2325.27,Local Shop,Cash,shopping,Low,Unknown Store,0
TXN0448,U042,2024-02-08,24252.15,Local Shop,Card,Food & Beverage,High,Unknown Store,0
TXN0449,U008,2024-01-30,23324.78,Local Shop,Card,grocery,High,Local Shop,0
TXN0450,U033,2024-03-30,1525.09,DMart,Cash,shopping,Low,DMart,0
TXN0451,U028,2024-02-07,3974.35,Big Bazaar,Cash,shopping,Low,Big Bazaar,0
TXN0452,U033,2024-02-25,4054.77,Local Shop,Cash,transport,Low,Local Shop,0
TXN0453,U005,2024-02-04,20545.29,Big Bazaar,Card,transport,Medium-High,Big Bazaar,0
TXN0454,U023,2024-03-17,9151.52,DMart,Cash,food,Medium-Low,DMart,0
TXN0455,U013,2024-03-28,22734.44,Big Bazaar,UPI,grocery,Medium-High,Big Bazaar,0
TXN0456,U001,2024-02-13,13507.35,OLA,UPI,electronics,Medium-Low,OLA,0
TXN0457,U031,2024-03-20,20965.67,Swiggy,Cash,,Medium-High,Swiggy,0
TXN0458,U004,2024-02-06,20898.84,Flipkart,UPI,electronics,Medium-High,Flipkart,0
TXN0459,U007,2024-01-03,26503.24,DMart,Cash,other,High,DMart,0
TXN0460,U039,2024-03-09,5974.27,Apple,UPI,,Low,Apple,0
TXN0461,U020,2024-02-12,22334.28,Swiggy,Cash,electronics,Medium-High,Swiggy,0
TXN0462,U041,2024-02-02,29710.94,Starbucks,UPI,Food & Beverage,High,Starbucks,0
TXN0463,U006,2024-02-18,7218.42,Flipkart,Card,grocery,Low,Flipkart,0
TXN0464,U042,2024-01-18,4151.91,Big Bazaar,Card,grocery,Low,Big Bazaar,0
TXN0465,U011,2024-02-10,15993.52,Local Shop,Cash,,Medium-Low,Unknown Store,0
TXN0466,U027,2024-02-22,22370.84,DMart,Card,transport,Medium-High,DMart,0
TXN0467,U009,2024-01-24,29578.81,Amazon,UPI,transport,High,Amazon,0
TXN0468,U023,2024-01-11,15074.71,Starbucks,UPI,refund,Medium-Low,Starbucks,1
TXN0469,U009,2024-01-21,976.56,Apple,Card,transport,Low,Apple,0
TXN0470,U005,2024-01-23,18515.61,Big Bazaar,Card,food,Medium-High,Big Bazaar,0
TXN0471,U048,2024-02-18,18349.03,Local Shop,Cash,food,Medium-High,Unknown Store,0
TXN0472,U007,2024-02-27,26334.23,Swiggy,Card,food,High,Swiggy,0
TXN0473,U025,2024-03-07,8742.47,Swiggy,Card,electronics,Medium-Low,Swiggy,0
TXN0474,U004,2024-03-29,24898.51,Local Shop,UPI,grocery,High,Unknown Store,0
TXN0475,U027,2024-02-11,5374.57,Local Shop,Card,other,Low,Local Shop,0
TXN0476,U046,2024-01-16,21189.74,Flipkart,Card,grocery,Medium-High,Flipkart,0
TXN0477,U036,2024-02-18,5134.84,Local Shop,UPI,grocery,Low,Local Shop,0
TXN0478,U027,2024-02-09,23061.23,Starbucks,UPI,food,High,Starbucks,0
TXN0479,U049,2024-02-02,14933.85,Local Shop,Card,refund,Medium-Low,Unknown Store,1
TXN0480,U027,2024-02-26,18007.06,Apple,Cash,transport,Medium-High,Apple,0
TXN0481,U012,2024-01-19,10477.1,Starbucks,Cash,shopping,Medium-Low,Starbucks,0
TXN0482,U007,2024-02-23,20165.99,Starbucks,Cash,grocery,Medium-High,Starbucks,0
TXN0483,U048,2024-03-15,2802.86,Apple,UPI,shopping,Low,Apple,0
TXN0484,U031,2024-01-18,25783.64,OLA,Cash,food,High,OLA,0
TXN0485,U037,2024-03-21,21724.98,Amazon,Card,other,Medium-High,Amazon,0
TXN0486,U034,2024-03-14,18432.56,OLA,Card,transport,Medium-High,OLA,0
TXN0487,U013,2024-01-01,13951.92,OLA,Cash,Food & Beverage,Medium-Low,OLA,0
TXN0488,U022,2024-02-14,19222.14,Starbucks,Card,other,Medium-High,Starbucks,0
TXN0489,U008,2024-03-28,11887.52,Starbucks,UPI,other,Medium-Low,Starbucks,0
TXN0490,U031,2024-01-05,4670.03,Apple,Card,Food & Beverage,Low,Apple,0
TXN0491,U034,2024-02-08,16081.21,Starbucks,UPI,electronics,Medium-Low,Starbucks,0
TXN0492,U022,2024-02-18,18174.62,Starbucks,Cash,food,Medium-High,Starbucks,0
TXN0493,U027,2024-01-12,11153.79,OLA,Card,other,Medium-Low,OLA,0
TXN0494,U050,2024-01-26,15184.78,Starbucks,UPI,refund,Medium-Low,Starbucks,1
TXN0495,U020,2024-02-11,26155.25,Swiggy,UPI,food,High,Swiggy,0
TXN0496,U025,2024-03-07,9336.33,Apple,Card,food,Medium-Low,Apple,0
TXN0497,U034,2024-03-25,17331.02,Amazon,UPI,electronics,Medium-Low,Amazon,0
TXN0498,U021,2024-02-26,4488.13,Swiggy,Cash,transport,Low,Swiggy,0
TXN0499,U023,2024-03-11,4255.29,Swiggy,UPI,other,Low,Swiggy,0
TXN0500,U029,2024-01-07,14127.36,Swiggy,UPI,grocery,Medium-Low,Swiggy,0
TXN0501,U038,2024-03-21,10675.17,Local Shop,Cash,refund,Medium-Low,Unknown Store,1
TXN0502,U009,2024-01-12,13672.97,Local Shop,Card,transport,Medium-Low,Unknown Store,0
TXN0503,U040,2024-02-03,5508.76,Flipkart,Card,shopping,Low,Flipkart,0
TXN0504,U008,2024-02-14,25374.53,Apple,UPI,Food & Beverage,High,Apple,0
TXN0505,U021,2024-03-12,9070.52,Amazon,Cash,grocery,Medium-Low,Amazon,0
TXN0506,U025,2024-01-09,24419.33,Apple,Cash,transport,High,Apple,0
TXN0507,U043,2024-03-26,27926.59,Flipkart,Cash,shopping,High,Flipkart,0
TXN0508,U012,2024-02-09,17951.79,Apple,Card,food,Medium-Low,Apple,0
TXN0509,U014,2024-01-18,4410.29,Amazon,Cash,transport,Low,Amazon,0
TXN0510,U044,2024-02-10,23832.46,Big Bazaar,Cash,other,High,Big Bazaar,0
TXN0511,U038,2024-01-02,3835.4,Amazon,UPI,,Low,Amazon,0
TXN0512,U023,2024-01-15,945.23,Swiggy,Card,Food & Beverage,Low,Swiggy,0
TXN0513,U028,2024-03-10,5210.57,Local Shop,Card,grocery,Low,Local Shop,0
TXN0514,U001,2024-01-10,21642.96,Flipkart,UPI,Food & Beverage,Medium-High,Flipkart,0
TXN0515,U045,2024-03-18,5402.12,Apple,Card,grocery,Low,Apple,0
TXN0516,U039,2024-01-01,21930.09,Local Shop,Cash,food,Medium-High,Local Shop,0
TXN0517,U031,2024-03-31,17412.26,Local Shop,Cash,electronics,Medium-Low,Unknown Store,0
TXN0518,U034,2024-01-11,14178.82,Apple,Cash,electronics,Medium-Low,Apple,0
TXN0519,U004,2024-02-13,13626.5,Local Shop,Card,electronics,Medium-Low,Unknown Store,0
TXN0520,U011,2024-01-05,23552.8,OLA,UPI,electronics,High,OLA,0
TXN0521,U002,2024-02-06,3813.37,Local Shop,UPI,electronics,Low,Unknown Store,0
TXN0522,U001,2024-01-15,22171.63,OLA,Card,transport,Medium-High,OLA,0
TXN0523,U012,2024-03-08,29522.31,Apple,Card,Food & Beverage,High,Apple,0
TXN0524,U016,2024-03-25,19130.86,Local Shop,UPI,shopping,Medium-High,Local Shop,0
TXN0525,U011,2024-02-29,9048.0,Starbucks,UPI,Food & Beverage,Medium-Low,Starbucks,0
TXN0526,U017,2024-01-19,8670.88,Apple,Cash,food,Medium-Low,Apple,0
TXN0527,U035,2024-03-22,12959.26,Amazon,Card,shopping,Medium-Low,Amazon,0
TXN0528,U042,2024-03-15,23196.8,OLA,UPI,grocery,High,OLA,0
TXN0529,U036,2024-01-02,2047.88,DMart,Card,electronics,Low,DMart,0
TXN0530,U013,2024-01-05,2767.32,OLA,Cash,shopping,Low,OLA,0
TXN0531,U039,2024-01-17,22918.09,Amazon,UPI,electronics,Medium-High,Amazon,0
TXN0532,U030,2024-03-25,13608.78,OLA,Cash,other,Medium-Low,OLA,0
TXN0533,U011,2024-01-10,1881.0,OLA,Card,shopping,Low,OLA,0
TXN0534,U013,2024-03-19,19368.04,Apple,UPI,shopping,Medium-High,Apple,0
TXN0535,U046,2024-02-03,2196.86,Apple,UPI,grocery,Low,Apple,0
TXN0536,U003,2024-03-26,4556.71,Starbucks,Cash,refund,Low,Starbucks,1
TXN0537,U028,2024-02-21,6783.15,Apple,UPI,other,Low,Apple,0
TXN0538,U044,2024-02-08,18971.85,DMart,Card,refund,Medium-High,DMart,1
TXN0539,U042,2024-01-26,1189.54,OLA,Card,other,Low,OLA,0
TXN0540,U006,2024-03-21,5692.04,Apple,UPI,shopping,Low,Apple,0
TXN0541,U042,2024-02-09,28948.97,Swiggy,UPI,other,High,Swiggy,0
TXN0542,U026,2024-01-16,19618.96,Starbucks,UPI,transport,Medium-High,Starbucks,0
TXN0543,U003,2024-01-19,581.7,Amazon,Cash,food,Low,Amazon,0
TXN0544,U041,2024-01-07,23812.98,Flipkart,UPI,shopping,High,Flipkart,0
TXN0545,U032,2024-03-17,24135.56,Amazon,Cash,shopping,High,Amazon,0
TXN0546,U035,2024-01-18,28941.12,Local Shop,Card,electronics,High,Unknown Store,0
TXN0547,U049,2024-02-23,11104.12,Flipkart,UPI,Food & Beverage,Medium-Low,Flipkart,0
TXN0548,U002,2024-03-03,226.65,Flipkart,Card,refund,,Flipkart,1
TXN0549,U014,2024-01-19,13518.07,Flipkart,UPI,refund,Medium-Low,Flipkart,1
TXN0550,U006,2024-03-21,12569.39,Local Shop,UPI,transport,Medium-Low,Unknown Store,0
TXN0551,U050,2024-03-21,1601.54,Apple,Card,food,Low,Apple,0
TXN0552,U042,2024-02-16,13045.8,Starbucks,UPI,food,Medium-Low,Starbucks,0
TXN0553,U012,2024-01-21,15451.96,Swiggy,Cash,Food & Beverage,Medium-Low,Swiggy,0
TXN0554,U048,2024-03-27,23371.47,Big Bazaar,Card,Food & Beverage,High,Big Bazaar,0
TXN0555,U005,2024-03-01,26715.76,Big Bazaar,UPI,grocery,High,Big Bazaar,0
TXN0556,U047,2024-01-25,6074.3,Apple,Card,refund,Low,Apple,1
TXN0557,U027,2024-01-22,26593.41,Apple,Cash,transport,High,Apple,0
TXN0558,U027,2024-03-07,29869.97,Amazon,UPI,transport,High,Amazon,0
TXN0559,U021,2024-02-25,28388.11,Big Bazaar,UPI,,High,Big Bazaar,0
TXN0560,U047,2024-03-05,15938.34,Apple,Card,shopping,Medium-Low,Apple,0
TXN0561,U049,2024-01-02,3990.03,Swiggy,UPI,electronics,Low,Swiggy,0
TXN0562,U046,2024-02-28,13918.18,Flipkart,Card,food,Medium-Low,Flipkart,0
TXN0563,U025,2024-03-29,991.1,Amazon,Cash,transport,Low,Amazon,0
TXN0564,U040,2024-02-12,28360.21,Amazon,Card,food,High,Amazon,0
TXN0565,U024,2024-01-23,21283.02,DMart,Cash,refund,Medium-High,DMart,1
TXN0566,U045,2024-01-27,10587.82,Local Shop,UPI,other,Medium-Low,Unknown Store,0
TXN0567,U032,2024-03-05,21297.66,Apple,Card,shopping,Medium-High,Apple,0
TXN0568,U030,2024-01-12,26939.4,Big Bazaar,UPI,grocery,High,Big Bazaar,0
TXN0569,U010,2024-01-27,12501.93,Apple,Card,food,Medium-Low,Apple,0
TXN0570,U013,2024-01-09,24061.65,OLA,Card,other,High,OLA,0
TXN0571,U038,2024-03-26,9129.43,Apple,Card,other,Medium-Low,Apple,0
TXN0572,U050,2024-01-07,8538.62,OLA,Cash,grocery,Medium-Low,OLA,0
TXN0573,U046,2024-03-29,7144.78,Flipkart,Card,grocery,Low,Flipkart,0
TXN0574,U036,2024-03-31,9515.14,Big Bazaar,UPI,shopping,Medium-Low,Big Bazaar,0
TXN0575,U026,2024-03-04,27835.06,Starbucks,Cash,electronics,High,Starbucks,0
TXN0576,U019,2024-03-14,16961.29,Apple,UPI,food,Medium-Low,Apple,0
TXN0577,U044,2024-03-11,753.62,Flipkart,UPI,transport,Low,Flipkart,0
TXN0578,U034,2024-01-29,686.23,Local Shop,UPI,Food & Beverage,Low,Unknown Store,0
TXN0579,U032,2024-02-10,10838.34,Big Bazaar,Card,electronics,Medium-Low,Big Bazaar,0
TXN0580,U023,2024-02-09,16835.38,DMart,Card,electronics,Medium-Low,DMart,0
TXN0581,U047,2024-02-24,25066.99,Flipkart,Card,other,High,Flipkart,0
TXN0582,U038,2024-02-18,12289.72,Amazon,Card,grocery,Medium-Low,Amazon,0
TXN0583,U012,2024-02-18,14722.66,Big Bazaar,Card,refund,Medium-Low,Big Bazaar,1
TXN0584,U002,2024-01-01,9012.08,Big Bazaar,Cash,electronics,Medium-Low,Big Bazaar,0
TXN0585,U012,2024-03-03,3589.45,Local Shop,Cash,refund,Low,Local Shop,1
TXN0586,U028,2024-02-03,24550.24,Local Shop,Card,food,High,Unknown Store,0
TXN0587,U021,2024-02-29,4907.63,Flipkart,UPI,shopping,Low,Flipkart,0
TXN0588,U013,2024-03-21,2844.31,Swiggy,Cash,electronics,Low,Swiggy,0
TXN0589,U007,2024-03-09,4320.09,DMart,Card,grocery,Low,DMart,0
TXN0590,U014,2024-01-20,5660.62,Amazon,Cash,shopping,Low,Amazon,0
TXN0591,U030,2024-01-10,3945.65,Local Shop,Card,refund,Low,Local Shop,1
TXN0592,U034,2024-02-13,9147.48,Local Shop,Cash,transport,Medium-Low,Unknown Store,0
TXN0593,U009,2024-01-27,12749.9,OLA,Card,food,Medium-Low,OLA,0
TXN0594,U007,2024-01-05,3576.48,Big Bazaar,UPI,shopping,Low,Big Bazaar,0
TXN0595,U014,2024-03-16,20121.31,Local Shop,Card,other,Medium-High,Unknown Store,0
TXN0596,U011,2024-03-05,17111.36,DMart,Cash,transport,Medium-Low,DMart,0
TXN0597,U011,2024-03-09,2969.58,OLA,Card,grocery,Low,OLA,0
TXN0598,U044,2024-01-14,10651.12,Apple,Card,other,Medium-Low,Apple,0
TXN0599,U030,2024-01-15,22870.59,Amazon,UPI,shopping,Medium-High,Amazon,0
TXN0600,U019,2024-02-28,29285.61,Local Shop,Card,shopping,High,Local Shop,0
TXN0601,U044,2024-02-17,29961.71,Apple,Cash,shopping,High,Apple,0
TXN0602,U010,2024-02-20,17720.81,Amazon,UPI,transport,Medium-Low,Amazon,0
TXN0603,U013,2024-03-17,6993.76,DMart,Cash,Food & Beverage,Low,DMart,0
TXN0604,U031,2024-03-26,15347.32,DMart,Card,transport,Medium-Low,DMart,0
TXN0605,U002,2024-01-13,2056.18,Flipkart,Cash,grocery,Low,Flipkart,0
TXN0606,U040,2024-03-20,2304.75,OLA,UPI,refund,Low,OLA,1
TXN0607,U033,2024-02-03,25791.57,Apple,Card,shopping,High,Apple,0
TXN0608,U029,2024-02-10,13795.09,Local Shop,Cash,Food & Beverage,Medium-Low,Local Shop,0
TXN0609,U020,2024-02-19,3290.37,Flipkart,Cash,refund,Low,Flipkart,1
TXN0610,U011,2024-03-05,7909.1,Swiggy,Card,electronics,Low,Swiggy,0
TXN0611,U004,2024-01-04,25109.66,DMart,Cash,shopping,High,DMart,0
TXN0612,U023,2024-02-15,1702.91,Local Shop,Cash,shopping,Low,Local Shop,0
TXN0613,U008,2024-02-13,16157.12,OLA,Cash,Food & Beverage,Medium-Low,OLA,0
TXN0614,U002,2024-03-30,676.87,OLA,Cash,refund,Low,OLA,1
TXN0615,U045,2024-03-27,14906.97,Amazon,Cash,Food & Beverage,Medium-Low,Amazon,0
TXN0616,U032,2024-03-22,25511.53,Big Bazaar,Cash,transport,High,Big Bazaar,0
TXN0617,U048,2024-01-12,10111.77,Local Shop,Card,shopping,Medium-Low,Unknown Store,0
TXN0618,U033,2024-02-08,16203.03,OLA,Cash,grocery,Medium-Low,OLA,0
TXN0619,U041,2024-03-31,14981.12,Starbucks,Card,Food & Beverage,Medium-Low,Starbucks,0
TXN0620,U047,2024-03-21,6027.43,Local Shop,Cash,Food & Beverage,Low,Unknown Store,0
TXN0621,U021,2024-01-09,12379.03,Local Shop,Cash,Food & Beverage,Medium-Low,Local Shop,0
TXN0622,U008,2024-01-20,7375.14,Big Bazaar,Card,food,Low,Big Bazaar,0
TXN0623,U011,2024-02-04,7759.32,Big Bazaar,Cash,refund,Low,Big Bazaar,1
TXN0624,U004,2024-01-11,8946.4,Starbucks,Cash,shopping,Medium-Low,Starbucks,0
TXN0625,U047,2024-01-18,17133.49,Local Shop,Cash,electronics,Medium-Low,Local Shop,0
TXN0626,U006,2024-01-31,24202.55,Apple,Cash,Food & Beverage,High,Apple,0
TXN0627,U010,2024-01-14,29098.01,Big Bazaar,UPI,other,High,Big Bazaar,0
TXN0628,U021,2024-03-10,20485.33,Amazon,Card,other,Medium-High,Amazon,0
TXN0629,U002,2024-03-23,22186.1,OLA,UPI,Food & Beverage,Medium-High,OLA,0
TXN0630,U041,2024-03-30,20560.6,OLA,Card,,Medium-High,OLA,0
TXN0631,U017,2024-02-08,22702.47,Local Shop,Card,Food & Beverage,Medium-High,Local Shop,0
TXN0632,U018,2024-01-11,22110.89,Starbucks,UPI,electronics,Medium-High,Starbucks,0
TXN0633,U005,2024-02-15,21879.66,Swiggy,UPI,grocery,Medium-High,Swiggy,0
TXN0634,U042,2024-01-18,6010.26,Apple,UPI,grocery,Low,Apple,0
TXN0635,U044,2024-02-22,14356.18,Local Shop,Cash,electronics,Medium-Low,Unknown Store,0
TXN0636,U006,2024-02-23,11810.89,Big Bazaar,UPI,,Medium-Low,Big Bazaar,0
TXN0637,U036,2024-03-23,29224.09,Starbucks,UPI,Food & Beverage,High,Starbucks,0
TXN0638,U017,2024-01-20,5111.99,Local Shop,Card,refund,Low,Unknown Store,1
TXN0639,U008,2024-01-29,28382.11,Apple,Card,Food & Beverage,High,Apple,0
TXN0640,U039,2024-01-28,20318.89,Big Bazaar,UPI,electronics,Medium-High,Big Bazaar,0
TXN0641,U040,2024-02-27,17491.26,Big Bazaar,UPI,Food & Beverage,Medium-Low,Big Bazaar,0
TXN0642,U046,2024-02-19,17919.91,Big Bazaar,Card,refund,Medium-Low,Big Bazaar,1
TXN0643,U039,2024-03-26,7617.17,DMart,Cash,food,Low,DMart,0
TXN0644,U012,2024-02-03,14790.27,Local Shop,Card,Food & Beverage,Medium-Low,Unknown Store,0
TXN0645,U017,2024-01-15,29355.71,Flipkart,Cash,Food & Beverage,High,Flipkart,0
TXN0646,U017,2024-03-19,9397.18,OLA,UPI,refund,Medium-Low,OLA,1
TXN0647,U013,2024-01-20,5502.41,Starbucks,Card,refund,Low,Starbucks,1
TXN0648,U029,2024-02-15,14794.73,Starbucks,Card,electronics,Medium-Low,Starbucks,0
TXN0649,U011,2024-03-06,26727.93,Flipkart,Cash,grocery,High,Flipkart,0
TXN0650,U005,2024-02-01,2838.21,Local Shop,UPI,shopping,Low,Local Shop,0
TXN0651,U010,2024-01-04,24922.67,DMart,Cash,other,High,DMart,0
TXN0652,U042,2024-03-20,28423.08,Starbucks,UPI,food,High,Starbucks,0
TXN0653,U021,2024-01-08,28557.49,OLA,UPI,Food & Beverage,High,OLA,0
TXN0654,U002,2024-01-27,23386.98,Amazon,UPI,refund,High,Amazon,1
TXN0655,U048,2024-02-09,19968.95,Local Shop,Card,refund,Medium-High,Local Shop,1
TXN0656,U037,2024-03-17,22697.15,OLA,Cash,food,Medium-High,OLA,0
TXN0657,U022,2024-02-29,20590.23,Swiggy,Cash,electronics,Medium-High,Swiggy,0
TXN0658,U028,2024-01-11,4466.71,Apple,Cash,food,Low,Apple,0
TXN0659,U005,2024-01-06,12753.16,Swiggy,Card,shopping,Medium-Low,Swiggy,0
TXN0660,U002,2024-01-15,23587.45,Swiggy,Cash,refund,High,Swiggy,1
TXN0661,U040,2024-02-03,24302.08,Apple,Card,shopping,High,Apple,0
TXN0662,U035,2024-01-03,3509.18,Local Shop,Card,refund,Low,Local Shop,1
TXN0663,U040,2024-03-19,20217.36,OLA,UPI,food,Medium-High,OLA,0
TXN0664,U008,2024-01-03,814.19,Big Bazaar,Card,transport,Low,Big Bazaar,0
TXN0665,U020,2024-02-29,12662.16,Amazon,Cash,refund,Medium-Low,Amazon,1
TXN0666,U002,2024-02-27,8851.99,Apple,UPI,Food & Beverage,Medium-Low,Apple,0
TXN0667,U032,2024-03-15,14630.02,Local Shop,Cash,refund,Medium-Low,Local Shop,1
TXN0668,U046,2024-01-08,17296.34,Big Bazaar,Card,shopping,Medium-Low,Big Bazaar,0
TXN0669,U040,2024-03-23,20928.46,Apple,Card,transport,Medium-High,Apple,0
TXN0670,U015,2024-03-16,25605.08,Swiggy,Cash,Food & Beverage,High,Swiggy,0
TXN0671,U031,2024-01-21,20724.02,DMart,UPI,refund,Medium-High,DMart,1
TXN0672,U027,2024-03-04,6290.89,Amazon,Card,grocery,Low,Amazon,0
TXN0673,U003,2024-01-09,3427.94,Swiggy,Card,other,Low,Swiggy,0
TXN0674,U050,2024-03-12,25603.71,Starbucks,Cash,refund,High,Starbucks,1
TXN0675,U049,2024-01-15,18321.07,Apple,UPI,grocery,Medium-High,Apple,0
TXN0676,U014,2024-02-16,8770.77,Amazon,UPI,other,Medium-Low,Amazon,0
TXN0677,U009,2024-01-16,29089.4,DMart,Card,grocery,High,DMart,0
TXN0678,U018,2024-02-17,18886.92,Amazon,Card,grocery,Medium-High,Amazon,0
TXN0679,U027,2024-02-22,15489.5,Local Shop,UPI,shopping,Medium-Low,Local Shop,0
TXN0680,U022,2024-02-10,4938.1,Amazon,Cash,food,Low,Amazon,0
TXN0681,U019,2024-02-23,21026.7,Swiggy,Card,,Medium-High,Swiggy,0
TXN0682,U034,2024-03-19,12124.1,OLA,Cash,other,Medium-Low,OLA,0
TXN0683,U050,2024-01-26,1118.74,Local Shop,UPI,electronics,Low,Local Shop,0
TXN0684,U006,2024-03-06,10227.86,Big Bazaar,Cash,electronics,Medium-Low,Big Bazaar,0
TXN0685,U033,2024-01-15,11195.64,Local Shop,Cash,refund,Medium-Low,Local Shop,1
TXN0686,U037,2024-01-01,29488.69,OLA,Cash,transport,High,OLA,0
TXN0687,U020,2024-02-06,11336.2,DMart,Cash,other,Medium-Low,DMart,0
TXN0688,U007,2024-01-19,12367.47,Apple,Card,shopping,Medium-Low,Apple,0
TXN0689,U044,2024-03-08,16773.46,DMart,Card,refund,Medium-Low,DMart,1
TXN0690,U047,2024-02-23,15178.52,Apple,Cash,shopping,Medium-Low,Apple,0
TXN0691,U030,2024-03-01,4713.62,Big Bazaar,Cash,shopping,Low,Big Bazaar,0
TXN0692,U024,2024-03-14,15688.1,Amazon,Card,food,Medium-Low,Amazon,0
TXN0693,U010,2024-03-16,28105.25,Flipkart,Cash,shopping,High,Flipkart,0
TXN0694,U023,2024-01-09,14440.48,Swiggy,Card,grocery,Medium-Low,Swiggy,0
TXN0695,U033,2024-03-22,13503.38,Flipkart,UPI,Food & Beverage,Medium-Low,Flipkart,0
TXN0696,U015,2024-02-20,1384.13,Local Shop,Cash,grocery,Low,Local Shop,0
TXN0697,U037,2024-03-21,19358.34,Starbucks,Cash,food,Medium-High,Starbucks,0
TXN0698,U034,2024-01-25,26906.96,Local Shop,UPI,transport,High,Unknown Store,0
TXN0699,U046,2024-03-15,24209.56,Big Bazaar,Card,food,High,Big Bazaar,0
TXN0700,U028,2024-01-24,25790.86,DMart,UPI,electronics,High,DMart,0
TXN0701,U012,2024-02-02,9210.76,Flipkart,Card,food,Medium-Low,Flipkart,0
TXN0702,U025,2024-01-13,12390.56,OLA,UPI,transport,Medium-Low,OLA,0
TXN0703,U033,2024-03-05,8085.93,Apple,Card,,Low,Apple,0
TXN0704,U002,2024-02-04,22891.72,Big Bazaar,Card,transport,Medium-High,Big Bazaar,0
TXN0705,U024,2024-03-10,7362.39,Flipkart,Card,,Low,Flipkart,0
TXN0706,U040,2024-02-07,1814.65,Apple,Cash,other,Low,Apple,0
TXN0707,U038,2024-03-06,4850.87,Big Bazaar,Card,grocery,Low,Big Bazaar,0
TXN0708,U018,2024-02-25,15149.56,Swiggy,Cash,refund,Medium-Low,Swiggy,1
TXN0709,U016,2024-03-25,6326.61,OLA,UPI,food,Low,OLA,0
TXN0710,U031,2024-01-01,5214.35,Local Shop,Card,shopping,Low,Unknown Store,0
TXN0711,U002,2024-03-26,3711.23,Swiggy,Card,food,Low,Swiggy,0
TXN0712,U030,2024-02-17,290.81,Amazon,Cash,shopping,,Amazon,0
TXN0713,U041,2024-02-08,29403.77,Local Shop,Cash,transport,High,Unknown Store,0
TXN0714,U013,2024-03-22,26098.79,Starbucks,UPI,grocery,High,Starbucks,0
TXN0715,U038,2024-01-17,7796.14,Amazon,Cash,transport,Low,Amazon,0
TXN0716,U045,2024-03-27,16807.88,Starbucks,Cash,food,Medium-Low,Starbucks,0
TXN0717,U028,2024-02-22,20408.4,DMart,Cash,electronics,Medium-High,DMart,0
TXN0718,U035,2024-02-27,11761.85,Local Shop,Cash,Food & Beverage,Medium-Low,Local Shop,0
TXN0719,U016,2024-01-26,9331.07,Amazon,Card,other,Medium-Low,Amazon,0
TXN0720,U016,2024-01-14,28764.49,OLA,UPI,refund,High,OLA,1
TXN0721,U041,2024-02-27,29236.02,Amazon,UPI,food,High,Amazon,0
TXN0722,U004,2024-02-08,3063.81,Apple,Card,Food & Beverage,Low,Apple,0
TXN0723,U039,2024-03-25,11523.76,Big Bazaar,UPI,food,Medium-Low,Big Bazaar,0
TXN0724,U034,2024-02-12,3089.66,Apple,Cash,electronics,Low,Apple,0
TXN0725,U027,2024-03-02,7302.14,DMart,Cash,other,Low,DMart,0
TXN0726,U038,2024-03-10,14091.02,OLA,Cash,grocery,Medium-Low,OLA,0
TXN0727,U016,2024-03-05,10321.04,Starbucks,UPI,refund,Medium-Low,Starbucks,1
TXN0728,U039,2024-03-29,17356.54,Apple,Card,refund,Medium-Low,Apple,1
TXN0729,U032,2024-01-29,6698.52,Starbucks,Card,other,Low,Starbucks,0
TXN0730,U014,2024-02-21,29696.44,Local Shop,Cash,electronics,High,Local Shop,0
TXN0731,U013,2024-03-21,29259.53,Apple,Card,other,High,Apple,0
TXN0732,U016,2024-01-23,5290.56,Swiggy,UPI,shopping,Low,Swiggy,0
TXN0733,U014,2024-02-09,11095.52,DMart,Cash,shopping,Medium-Low,DMart,0
TXN0734,U010,2024-01-17,15981.32,Amazon,Cash,food,Medium-Low,Amazon,0
TXN0735,U038,2024-01-25,4465.52,Local Shop,UPI,refund,Low,Unknown Store,1
TXN0736,U047,2024-01-11,19908.43,Big Bazaar,Cash,refund,Medium-High,Big Bazaar,1
TXN0737,U021,2024-02-17,28673.0,Flipkart,Cash,transport,High,Flipkart,0
TXN0738,U013,2024-02-27,6565.63,Big Bazaar,Card,shopping,Low,Big Bazaar,0
TXN0739,U049,2024-01-11,15569.43,Flipkart,Cash,refund,Medium-Low,Flipkart,1
TXN0740,U028,2024-02-22,14931.32,Apple,UPI,shopping,Medium-Low,Apple,0
TXN0741,U006,2024-02-07,8299.98,DMart,UPI,other,Low,DMart,0
TXN0742,U044,2024-02-12,22358.89,Big Bazaar,Cash,grocery,Medium-High,Big Bazaar,0
TXN0743,U017,2024-01-02,24671.04,Swiggy,Cash,food,High,Swiggy,0
TXN0744,U042,2024-03-06,11931.18,Apple,UPI,refund,Medium-Low,Apple,1
TXN0745,U022,2024-01-11,5643.52,Apple,Card,food,Low,Apple,0
TXN0746,U009,2024-03-14,28301.19,DMart,Card,Food & Beverage,High,DMart,0
TXN0747,U049,2024-03-29,17612.78,Local Shop,UPI,other,Medium-Low,Local Shop,0
TXN0748,U041,2024-03-18,6134.1,Local Shop,Card,refund,Low,Unknown Store,1
TXN0749,U006,2024-01-22,16591.67,OLA,UPI,shopping,Medium-Low,OLA,0
TXN0750,U019,2024-01-27,19790.5,Local Shop,UPI,Food & Beverage,Medium-High,Local Shop,0
TXN0751,U011,2024-01-15,12558.21,Local Shop,UPI,electronics,Medium-Low,Local Shop,0
TXN0752,U046,2024-03-26,18115.25,Local Shop,Cash,electronics,Medium-High,Local Shop,0
TXN0753,U001,2024-01-19,24739.23,Big Bazaar,Cash,refund,High,Big Bazaar,1
TXN0754,U037,2024-01-06,19392.51,Apple,Card,grocery,Medium-High,Apple,0
TXN0755,U016,2024-01-23,11546.1,Local Shop,Card,food,Medium-Low,Local Shop,0
TXN0756,U011,2024-02-05,27489.73,Big Bazaar,Card,shopping,High,Big Bazaar,0
TXN0757,U005,2024-01-14,13533.57,DMart,UPI,refund,Medium-Low,DMart,1
TXN0758,U022,2024-02-21,1142.86,Local Shop,Card,refund,Low,Local Shop,1
TXN0759,U030,2024-01-09,19714.11,Apple,Card,grocery,Medium-High,Apple,0
TXN0760,U039,2024-01-13,3733.3,Starbucks,UPI,grocery,Low,Starbucks,0
TXN0761,U023,2024-01-23,1043.0,Apple,UPI,shopping,Low,Apple,0
TXN0762,U045,2024-02-09,17950.18,Local Shop,UPI,transport,Medium-Low,Local Shop,0
TXN0763,U006,2024-01-03,29678.83,Big Bazaar,UPI,shopping,High,Big Bazaar,0
TXN0764,U047,2024-01-22,15379.88,Flipkart,UPI,Food & Beverage,Medium-Low,Flipkart,0
TXN0765,U008,2024-01-30,10703.72,Local Shop,UPI,refund,Medium-Low,Local Shop,1
TXN0766,U005,2024-03-25,18721.04,Big Bazaar,Card,refund,Medium-High,Big Bazaar,1
TXN0767,U046,2024-03-09,28771.45,Amazon,Card,grocery,High,Amazon,0
TXN0768,U012,2024-03-22,19994.45,DMart,Card,transport,Medium-High,DMart,0
TXN0769,U038,2024-03-31,646.19,Swiggy,Cash,transport,Low,Swiggy,0
TXN0770,U006,2024-01-08,14966.81,Local Shop,UPI,refund,Medium-Low,Unknown Store,1
TXN0771,U009,2024-02-05,23611.26,DMart,Cash,food,High,DMart,0
TXN0772,U047,2024-02-12,6182.46,Big Bazaar,Cash,transport,Low,Big Bazaar,0
TXN0773,U025,2024-03-07,13276.4,Local Shop,UPI,grocery,Medium-Low,Unknown Store,0
TXN0774,U009,2024-01-12,16469.92,Big Bazaar,UPI,refund,Medium-Low,Big Bazaar,1
TXN0775,U011,2024-01-26,5301.3,OLA,Cash,refund,Low,OLA,1
TXN0776,U024,2024-02-20,14126.7,Amazon,UPI,refund,Medium-Low,Amazon,1
TXN0777,U049,2024-02-18,2506.15,Starbucks,UPI,grocery,Low,Starbucks,0
TXN0778,U025,2024-02-29,8503.94,OLA,UPI,transport,Medium-Low,OLA,0
TXN0779,U013,2024-01-01,15025.99,Flipkart,Card,other,Medium-Low,Flipkart,0
TXN0780,U032,2024-02-09,26551.14,Local Shop,UPI,Food & Beverage,High,Local Shop,0
TXN0781,U050,2024-02-14,20657.8,OLA,Cash,refund,Medium-High,OLA,1
TXN0782,U024,2024-03-21,19973.61,Starbucks,UPI,grocery,Medium-High,Starbucks,0
TXN0783,U008,2024-01-12,21185.03,Starbucks,Card,Food & Beverage,Medium-High,Starbucks,0
TXN0784,U045,2024-02-08,9246.29,OLA,UPI,other,Medium-Low,OLA,0
TXN0785,U018,2024-01-27,9249.93,Flipkart,UPI,Food & Beverage,Medium-Low,Flipkart,0
TXN0786,U027,2024-03-24,12934.18,Swiggy,UPI,shopping,Medium-Low,Swiggy,0
TXN0787,U037,2024-01-28,1778.87,Apple,Card,shopping,Low,Apple,0
TXN0788,U006,2024-02-07,3749.2,Flipkart,Card,shopping,Low,Flipkart,0
TXN0789,U004,2024-02-04,17477.54,Starbucks,UPI,electronics,Medium-Low,Starbucks,0
TXN0790,U031,2024-02-13,11129.85,Apple,Card,Food & Beverage,Medium-Low,Apple,0
TXN0791,U004,2024-02-15,3014.32,Local Shop,UPI,,Low,Unknown Store,0
TXN0792,U034,2024-02-05,13563.02,Amazon,Card,food,Medium-Low,Amazon,0
TXN0793,U002,2024-03-22,1382.17,DMart,UPI,Food & Beverage,Low,DMart,0
TXN0794,U006,2024-02-14,29606.28,Local Shop,Card,transport,High,Unknown Store,0
TXN0795,U034,2024-03-14,14942.77,Flipkart,Card,refund,Medium-Low,Flipkart,1
TXN0796,U031,2024-03-25,6357.11,Amazon,UPI,food,Low,Amazon,0
TXN0797,U021,2024-02-19,21578.06,Flipkart,UPI,refund,Medium-High,Flipkart,1
TXN0798,U045,2024-02-12,22992.46,Amazon,Cash,Food & Beverage,Medium-High,Amazon,0
TXN0799,U028,2024-01-30,3479.54,Swiggy,Cash,shopping,Low,Swiggy,0
TXN0800,U024,2024-01-17,17311.74,Local Shop,UPI,Food & Beverage,Medium-Low,Unknown Store,0
TXN0801,U050,2024-02-16,19915.65,DMart,Cash,other,Medium-High,DMart,0
TXN0802,U019,2024-01-29,13678.98,Flipkart,Cash,,Medium-Low,Flipkart,0
TXN0803,U020,2024-03-05,29905.49,DMart,Card,Food & Beverage,High,DMart,0
TXN0804,U022,2024-01-20,21982.42,Starbucks,UPI,Food & Beverage,Medium-High,Starbucks,0
TXN0805,U043,2024-01-21,11774.64,OLA,Card,electronics,Medium-Low,OLA,0
TXN0806,U045,2024-01-25,3935.71,OLA,Cash,grocery,Low,OLA,0
TXN0807,U009,2024-02-26,26917.57,Local Shop,Cash,other,High,Unknown Store,0
TXN0808,U007,2024-03-27,28512.44,Local Shop,UPI,refund,High,Unknown Store,1
TXN0809,U004,2024-01-16,13020.3,Flipkart,UPI,Food & Beverage,Medium-Low,Flipkart,0
TXN0810,U020,2024-03-29,22358.56,Apple,Cash,refund,Medium-High,Apple,1
TXN0811,U018,2024-03-21,357.96,Local Shop,Cash,transport,,Local Shop,0
TXN0812,U038,2024-03-14,20814.84,Starbucks,Card,Food & Beverage,Medium-High,Starbucks,0
TXN0813,U037,2024-01-17,1914.31,OLA,Card,food,Low,OLA,0
TXN0814,U036,2024-03-09,15571.84,Local Shop,UPI,transport,Medium-Low,Local Shop,0
TXN0815,U012,2024-03-17,16646.11,Amazon,Cash,grocery,Medium-Low,Amazon,0
TXN0816,U036,2024-02-02,29398.05,Amazon,UPI,food,High,Amazon,0
TXN0817,U020,2024-01-06,16027.73,Big Bazaar,Cash,other,Medium-Low,Big Bazaar,0
TXN0818,U035,2024-03-06,2979.28,Local Shop,UPI,transport,Low,Unknown Store,0
TXN0819,U039,2024-03-11,10778.36,Flipkart,Cash,Food & Beverage,Medium-Low,Flipkart,0
TXN0820,U026,2024-02-28,20299.0,Flipkart,UPI,electronics,Medium-High,Flipkart,0
TXN0821,U046,2024-02-17,24648.82,Big Bazaar,UPI,transport,High,Big Bazaar,0
TXN0822,U018,2024-01-16,16455.58,Amazon,Card,grocery,Medium-Low,Amazon,0
TXN0823,U018,2024-01-02,29384.76,Big Bazaar,UPI,electronics,High,Big Bazaar,0
TXN0824,U032,2024-01-13,17169.02,Local Shop,UPI,Food & Beverage,Medium-Low,Unknown Store,0
TXN0825,U023,2024-03-27,17773.38,Flipkart,UPI,grocery,Medium-Low,Flipkart,0
TXN0826,U037,2024-02-04,19179.41,Local Shop,Cash,refund,Medium-High,Local Shop,1
TXN0827,U029,2024-02-15,8611.72,Flipkart,UPI,shopping,Medium-Low,Flipkart,0
TXN0828,U027,2024-02-10,2393.45,OLA,Cash,electronics,Low,OLA,0
TXN0829,U032,2024-01-02,15265.38,Swiggy,Cash,shopping,Medium-Low,Swiggy,0
TXN0830,U001,2024-03-19,22380.06,Local Shop,Card,food,Medium-High,Local Shop,0
TXN0831,U029,2024-01-22,2262.92,Local Shop,Card,grocery,Low,Unknown Store,0
TXN0832,U008,2024-02-13,16178.2,DMart,Card,transport,Medium-Low,DMart,0
TXN0833,U048,2024-03-21,27692.46,Starbucks,UPI,refund,High,Starbucks,1
TXN0834,U023,2024-01-01,8957.54,Starbucks,UPI,food,Medium-Low,Starbucks,0
TXN0835,U028,2024-03-03,15877.61,Amazon,UPI,electronics,Medium-Low,Amazon,0
TXN0836,U031,2024-02-20,10941.23,Big Bazaar,UPI,refund,Medium-Low,Big Bazaar,1
TXN0837,U009,2024-02-15,10783.51,Flipkart,Card,,Medium-Low,Flipkart,0
TXN0838,U027,2024-02-12,19989.48,Local Shop,UPI,refund,Medium-High,Local Shop,1
TXN0839,U021,2024-02-21,3300.89,Flipkart,Card,transport,Low,Flipkart,0
TXN0840,U044,2024-02-13,22125.57,Starbucks,UPI,transport,Medium-High,Starbucks,0
TXN0841,U010,2024-03-06,8441.35,Local Shop,UPI,Food & Beverage,Low,Unknown Store,0
TXN0842,U031,2024-03-31,21916.4,Big Bazaar,Cash,transport,Medium-High,Big Bazaar,0
TXN0843,U009,2024-02-21,29712.06,Amazon,UPI,food,High,Amazon,0
TXN0844,U027,2024-03-08,19002.97,Local Shop,UPI,food,Medium-High,Local Shop,0
TXN0845,U008,2024-02-04,28290.53,OLA,UPI,,High,OLA,0
TXN0846,U043,2024-02-11,14167.02,Starbucks,Card,other,Medium-Low,Starbucks,0
TXN0847,U020,2024-01-15,419.71,DMart,Card,other,Low,DMart,0
TXN0848,U034,2024-03-18,19510.95,Local Shop,UPI,shopping,Medium-High,Unknown Store,0
TXN0849,U038,2024-03-24,21142.76,Starbucks,Cash,refund,Medium-High,Starbucks,1
TXN0850,U035,2024-01-20,5759.28,Big Bazaar,Card,refund,Low,Big Bazaar,1
TXN0851,U028,2024-01-09,15717.65,Amazon,Cash,grocery,Medium-Low,Amazon,0
TXN0852,U003,2024-03-13,29174.5,OLA,Cash,shopping,High,OLA,0
TXN0853,U029,2024-03-06,23383.37,Flipkart,UPI,transport,High,Flipkart,0
TXN0854,U045,2024-01-02,21235.54,Local Shop,Card,shopping,Medium-High,Unknown Store,0
TXN0855,U015,2024-01-06,1182.33,Flipkart,Card,food,Low,Flipkart,0
TXN0856,U014,2024-03-09,19462.88,Big Bazaar,UPI,electronics,Medium-High,Big Bazaar,0
TXN0857,U027,2024-03-19,29557.99,Flipkart,UPI,electronics,High,Flipkart,0
TXN0858,U017,2024-01-03,22375.64,Flipkart,Cash,transport,Medium-High,Flipkart,0
TXN0859,U015,2024-02-11,17454.1,Apple,Card,Food & Beverage,Medium-Low,Apple,0
TXN0860,U010,2024-03-02,5453.59,DMart,Cash,grocery,Low,DMart,0
TXN0861,U002,2024-02-09,24526.8,OLA,UPI,refund,High,OLA,1
TXN0862,U007,2024-03-08,22515.82,Local Shop,UPI,food,Medium-High,Local Shop,0
TXN0863,U009,2024-02-01,4287.64,Starbucks,UPI,other,Low,Starbucks,0
TXN0864,U013,2024-01-18,16889.91,Amazon,Card,food,Medium-Low,Amazon,0
TXN0865,U045,2024-02-04,24749.5,Swiggy,Card,transport,High,Swiggy,0
TXN0866,U015,2024-02-24,10605.76,Starbucks,Card,shopping,Medium-Low,Starbucks,0
TXN0867,U011,2024-01-15,28694.43,Apple,UPI,shopping,High,Apple,0
TXN0868,U039,2024-01-20,15919.11,Starbucks,Cash,electronics,Medium-Low,Starbucks,0
TXN0869,U007,2024-02-04,11079.68,DMart,UPI,grocery,Medium-Low,DMart,0
TXN0870,U021,2024-01-19,21643.09,Flipkart,UPI,electronics,Medium-High,Flipkart,0
TXN0871,U006,2024-02-11,23028.39,Flipkart,Cash,other,High,Flipkart,0
TXN0872,U042,2024-02-01,16484.68,Flipkart,UPI,Food & Beverage,Medium-Low,Flipkart,0
TXN0873,U037,2024-03-29,2626.63,Swiggy,Card,grocery,Low,Swiggy,0
TXN0874,U004,2024-02-14,25481.38,Amazon,UPI,Food & Beverage,High,Amazon,0
TXN0875,U014,2024-01-29,4142.66,Big Bazaar,Cash,,Low,Big Bazaar,0
TXN0876,U024,2024-01-07,17452.4,Local Shop,UPI,grocery,Medium-Low,Local Shop,0
TXN0877,U016,2024-01-10,24933.73,Amazon,Cash,electronics,High,Amazon,0
TXN0878,U027,2024-02-13,19348.97,Apple,Cash,,Medium-High,Apple,0
TXN0879,U033,2024-01-21,24982.08,Flipkart,Cash,electronics,High,Flipkart,0
TXN0880,U028,2024-01-21,15649.82,Big Bazaar,Card,transport,Medium-Low,Big Bazaar,0
TXN0881,U012,2024-03-12,20775.87,Local Shop,Card,other,Medium-High,Local Shop,0
TXN0882,U013,2024-02-04,2343.48,Local Shop,UPI,shopping,Low,Local Shop,0
TXN0883,U014,2024-03-17,27291.51,Amazon,UPI,food,High,Amazon,0
TXN0884,U031,2024-01-06,2805.4,Local Shop,Card,other,Low,Unknown Store,0
TXN0885,U047,2024-02-15,20243.85,Local Shop,UPI,grocery,Medium-High,Local Shop,0
TXN0886,U038,2024-02-18,26065.68,Starbucks,Card,shopping,High,Starbucks,0
TXN0887,U014,2024-03-28,21559.45,Big Bazaar,Cash,other,Medium-High,Big Bazaar,0
TXN0888,U009,2024-02-13,18707.89,Apple,Cash,transport,Medium-High,Apple,0
TXN0889,U039,2024-01-10,18837.41,Local Shop,Card,shopping,Medium-High,Unknown Store,0
TXN0890,U007,2024-02-28,28022.34,Apple,Card,grocery,High,Apple,0
TXN0891,U017,2024-03-01,26300.97,Apple,Cash,other,High,Apple,0
TXN0892,U026,2024-02-22,11008.3,OLA,UPI,refund,Medium-Low,OLA,1
TXN0893,U044,2024-01-06,23719.81,OLA,UPI,grocery,High,OLA,0
TXN0894,U026,2024-01-10,26226.02,Local Shop,Cash,refund,High,Unknown Store,1
TXN0895,U006,2024-01-24,23048.82,Amazon,Card,refund,High,Amazon,1
TXN0896,U045,2024-03-01,13642.81,Big Bazaar,Cash,food,Medium-Low,Big Bazaar,0
TXN0897,U050,2024-02-18,10851.17,Local Shop,UPI,Food & Beverage,Medium-Low,Unknown Store,0
TXN0898,U017,2024-03-22,4260.72,OLA,Card,transport,Low,OLA,0
TXN0899,U012,2024-01-07,10267.15,OLA,Card,grocery,Medium-Low,OLA,0
TXN0900,U023,2024-03-29,307.85,Local Shop,Cash,grocery,,Local Shop,0
TXN0901,U043,2024-02-10,26896.07,DMart,UPI,Food & Beverage,High,DMart,0
TXN0902,U034,2024-01-01,25719.44,OLA,UPI,,High,OLA,0
TXN0903,U027,2024-03-30,11332.92,Big Bazaar,Cash,other,Medium-Low,Big Bazaar,0
TXN0904,U002,2024-02-08,24573.36,DMart,Card,other,High,DMart,0
TXN0905,U028,2024-03-07,27791.2,Swiggy,Cash,Food & Beverage,High,Swiggy,0
TXN0906,U019,2024-03-25,8504.62,Local Shop,UPI,shopping,Medium-Low,Local Shop,0
TXN0907,U042,2024-01-03,14897.18,Amazon,Cash,food,Medium-Low,Amazon,0
TXN0908,U027,2024-01-28,13644.35,OLA,UPI,refund,Medium-Low,OLA,1
TXN0909,U042,2024-03-31,28189.11,Local Shop,Cash,Food & Beverage,High,Local Shop,0
TXN0910,U001,2024-02-23,797.14,Big Bazaar,Cash,other,Low,Big Bazaar,0
TXN0911,U037,2024-02-25,29204.97,Flipkart,Cash,Food & Beverage,High,Flipkart,0
TXN0912,U026,2024-02-10,6936.78,Flipkart,Cash,Food & Beverage,Low,Flipkart,0
TXN0913,U036,2024-01-21,2806.7,OLA,UPI,,Low,OLA,0
TXN0914,U006,2024-03-14,22272.77,Swiggy,Card,transport,Medium-High,Swiggy,0
TXN0915,U013,2024-03-09,23403.07,OLA,UPI,grocery,High,OLA,0
TXN0916,U041,2024-03-15,13779.24,Starbucks,Card,shopping,Medium-Low,Starbucks,0
TXN0917,U032,2024-02-16,3029.14,Amazon,Cash,Food & Beverage,Low,Amazon,0
TXN0918,U021,2024-03-22,4841.5,Local Shop,Cash,food,Low,Local Shop,0
TXN0919,U022,2024-02-14,18003.79,Amazon,UPI,food,Medium-High,Amazon,0
TXN0920,U002,2024-03-07,26007.56,Swiggy,UPI,grocery,High,Swiggy,0
TXN0921,U018,2024-03-02,10463.12,OLA,Card,Food & Beverage,Medium-Low,OLA,0
TXN0922,U017,2024-01-23,25382.61,Big Bazaar,Cash,electronics,High,Big Bazaar,0
TXN0923,U014,2024-03-03,12717.88,Flipkart,UPI,Food & Beverage,Medium-Low,Flipkart,0
TXN0924,U037,2024-02-15,24582.06,Big Bazaar,Card,electronics,High,Big Bazaar,0
TXN0925,U042,2024-03-08,907.9,Local Shop,Card,transport,Low,Unknown Store,0
TXN0926,U024,2024-01-19,298.89,DMart,Card,other,,DMart,0
TXN0927,U036,2024-01-09,18058.04,Big Bazaar,Cash,shopping,Medium-High,Big Bazaar,0
TXN0928,U042,2024-02-23,24403.7,Local Shop,Card,,High,Unknown Store,0
TXN0929,U027,2024-01-16,5142.48,OLA,UPI,food,Low,OLA,0
TXN0930,U019,2024-01-17,26875.93,Apple,UPI,shopping,High,Apple,0
TXN0931,U047,2024-02-08,22613.23,Local Shop,Card,Food & Beverage,Medium-High,Local Shop,0
TXN0932,U045,2024-02-28,19236.5,OLA,UPI,,Medium-High,OLA,0
TXN0933,U001,2024-01-18,25843.05,Starbucks,UPI,other,High,Starbucks,0
TXN0934,U001,2024-03-29,26500.75,Swiggy,UPI,Food & Beverage,High,Swiggy,0
TXN0935,U045,2024-01-22,13826.21,OLA,Card,shopping,Medium-Low,OLA,0
TXN0936,U034,2024-01-31,14708.21,Swiggy,UPI,electronics,Medium-Low,Swiggy,0
TXN0937,U023,2024-03-12,19417.56,Amazon,Card,food,Medium-High,Amazon,0
TXN0938,U030,2024-02-19,3145.0,Big Bazaar,Cash,electronics,Low,Big Bazaar,0
TXN0939,U042,2024-01-20,6571.36,Apple,Cash,Food & Beverage,Low,Apple,0
TXN0940,U005,2024-02-05,20591.12,Big Bazaar,UPI,shopping,Medium-High,Big Bazaar,0
TXN0941,U016,2024-01-03,8010.03,Amazon,Card,shopping,Low,Amazon,0
TXN0942,U028,2024-01-28,15070.69,DMart,Card,Food & Beverage,Medium-Low,DMart,0
TXN0943,U013,2024-02-07,5307.59,Local Shop,Card,food,Low,Local Shop,0
TXN0944,U008,2024-01-29,26852.8,Big Bazaar,UPI,Food & Beverage,High,Big Bazaar,0
TXN0945,U026,2024-01-13,24723.82,Local Shop,UPI,electronics,High,Local Shop,0
TXN0946,U019,2024-01-01,15102.17,Local Shop,Cash,other,Medium-Low,Unknown Store,0
TXN0947,U011,2024-01-24,4263.59,Amazon,UPI,electronics,Low,Amazon,0
TXN0948,U011,2024-03-27,10570.79,Amazon,Card,food,Medium-Low,Amazon,0
TXN0949,U044,2024-02-07,15099.36,Local Shop,Card,other,Medium-Low,Unknown Store,0
TXN0950,U032,2024-02-14,14599.93,Apple,Card,refund,Medium-Low,Apple,1
TXN0951,U018,2024-03-28,29359.34,Amazon,Card,transport,High,Amazon,0
TXN0952,U048,2024-03-30,6197.16,Local Shop,Cash,electronics,Low,Unknown Store,0
TXN0953,U029,2024-03-08,27310.72,Swiggy,Card,electronics,High,Swiggy,0
TXN0954,U013,2024-01-06,18374.9,OLA,Card,food,Medium-High,OLA,0
TXN0955,U044,2024-01-19,4515.33,Apple,UPI,electronics,Low,Apple,0
TXN0956,U019,2024-01-02,6527.59,Amazon,Card,,Low,Amazon,0
TXN0957,U043,2024-01-01,4140.19,DMart,Cash,grocery,Low,DMart,0
TXN0958,U046,2024-02-04,5909.86,Amazon,UPI,other,Low,Amazon,0
TXN0959,U044,2024-03-22,11979.42,Big Bazaar,Cash,Food & Beverage,Medium-Low,Big Bazaar,0
TXN0960,U038,2024-01-18,4079.37,DMart,Card,refund,Low,DMart,1
TXN0961,U012,2024-02-18,4166.91,Swiggy,Cash,other,Low,Swiggy,0
TXN0962,U030,2024-02-23,839.91,Local Shop,UPI,electronics,Low,Local Shop,0
TXN0963,U038,2024-03-06,18630.48,Big Bazaar,Card,food,Medium-High,Big Bazaar,0
TXN0964,U049,2024-03-07,1639.84,Apple,UPI,shopping,Low,Apple,0
TXN0965,U037,2024-03-02,1835.33,OLA,Cash,transport,Low,OLA,0
TXN0966,U010,2024-03-12,6714.07,Swiggy,Cash,food,Low,Swiggy,0
TXN0967,U040,2024-03-29,2023.59,Apple,UPI,shopping,Low,Apple,0
TXN0968,U002,2024-03-05,1679.04,Apple,UPI,electronics,Low,Apple,0
TXN0969,U044,2024-02-26,4395.93,Local Shop,Cash,transport,Low,Unknown Store,0
TXN0970,U031,2024-02-07,3009.59,Apple,Card,shopping,Low,Apple,0
TXN0971,U027,2024-02-24,8509.83,Apple,Card,,Medium-Low,Apple,0
TXN0972,U029,2024-01-06,14042.53,Local Shop,Card,transport,Medium-Low,Unknown Store,0
TXN0973,U046,2024-03-08,1892.35,DMart,Cash,grocery,Low,DMart,0
TXN0974,U049,2024-03-25,2055.62,OLA,Cash,electronics,Low,OLA,0
TXN0975,U045,2024-02-11,18528.08,Flipkart,UPI,shopping,Medium-High,Flipkart,0
TXN0976,U044,2024-03-01,6953.72,Apple,UPI,grocery,Low,Apple,0
TXN0977,U049,2024-02-23,18360.99,Local Shop,Card,food,Medium-High,Local Shop,0
TXN0978,U021,2024-01-14,4005.17,Flipkart,Card,electronics,Low,Flipkart,0
TXN0979,U013,2024-01-21,15860.6,Big Bazaar,Cash,shopping,Medium-Low,Big Bazaar,0
TXN0980,U003,2024-01-18,23233.83,Big Bazaar,UPI,refund,High,Big Bazaar,1
TXN0981,U014,2024-03-14,10569.66,Big Bazaar,UPI,Food & Beverage,Medium-Low,Big Bazaar,0
TXN0982,U037,2024-01-11,15522.23,Amazon,Cash,food,Medium-Low,Amazon,0
TXN0983,U019,2024-02-02,10743.58,Big Bazaar,UPI,transport,Medium-Low,Big Bazaar,0
TXN0984,U040,2024-03-05,18563.16,Swiggy,Card,electronics,Medium-High,Swiggy,0
TXN0985,U003,2024-02-13,6023.33,Starbucks,Cash,other,Low,Starbucks,0
TXN0986,U016,2024-03-04,28440.45,Starbucks,Card,Food & Beverage,High,Starbucks,0
TXN0987,U048,2024-03-19,14368.36,Local Shop,UPI,transport,Medium-Low,Unknown Store,0
TXN0988,U028,2024-03-02,25496.51,DMart,UPI,transport,High,DMart,0
TXN0989,U039,2024-02-18,14470.38,Swiggy,Card,grocery,Medium-Low,Swiggy,0
TXN0990,U029,2024-01-16,5817.43,Amazon,UPI,transport,Low,Amazon,0
TXN0991,U048,2024-03-09,456.81,Local Shop,UPI,grocery,Low,Local Shop,0
TXN0992,U003,2024-02-10,19659.72,OLA,Card,shopping,Medium-High,OLA,0
TXN0993,U005,2024-02-02,21160.6,Amazon,Card,other,Medium-High,Amazon,0
TXN0994,U019,2024-03-24,26790.42,Swiggy,UPI,Food & Beverage,High,Swiggy,0
TXN0995,U032,2024-02-05,27362.36,Local Shop,Cash,shopping,High,Unknown Store,0
TXN0996,U047,2024-01-19,20953.27,DMart,UPI,food,Medium-High,DMart,0
TXN0997,U018,2024-03-16,24817.09,OLA,Card,Food & Beverage,High,OLA,0
TXN0998,U029,2024-01-06,11386.02,Local Shop,Card,,Medium-Low,Local Shop,0
TXN0999,U002,2024-03-18,27224.41,DMart,Card,Food & Beverage,High,DMart,0
TXN1000,U047,2024-01-08,11649.44,Local Shop,Card,electronics,Medium-Low,Local Shop,0
